"状态","现代词条","候选整理文本","基础原文","传统分类","匹配分数","备选1","备选2"
"approx","梦见蛇咬自己","蛇咬人，主得财","蛇咬人主得大财","龙蛇禽兽等类","0.812","棺敛死人主得财","被人凌辱主得财"
"approx","梦见蛇咬自己","蛇入怀，生贵子","蛇入怀中生贵子","龙蛇禽兽等类","0.782","星入怀主生贵子","鹤入怀中生贵子"
"missing","梦见蛇咬自己","蛇绕腰，主有孕","蛇黄白主有官事","龙蛇禽兽等类","0.285","渡天河主有所吉","桑生井上主有忧"
"missing","梦见蛇吞物","蛇吞物者，主异变，远行者忌之","水上行者主大吉","水火盗贼灯烛","0.206","备马者生远行事","空野无人主远行"
"missing","梦见白蛇","白蛇入室，主添人口","马入室主奸情事","牛马猪羊六畜","0.336","蛇入谷道主口舌","棋子主添丁进口"
"missing","梦见白蛇","白蛇盘门，吉兆临之","城中行凶出门吉","宫室屋宇仓库","0.194","云赤白吉青黑凶","头白主长命大吉"
"approx","梦见蛇绕身","蛇遶身者，生贵子","蛇绕身者生贵子","龙蛇禽兽等类","0.777","食枣者主生贵子","蛇入怀中生贵子"
"missing","梦见蛇绕身","蛇绕足，主行成有得","见鳖者主有得财","龟鳖鱼虾昆虫","0.247","蛇绕身者生贵子","得人刀主行人至"
"exact","梦见蛇入怀","蛇入怀中生贵子","蛇入怀中生贵子","龙蛇禽兽等类","1.000","鹤入怀中生贵子","星入怀主生贵子"
"missing","梦见蛇入怀","蛇近身，主得人欢心","屎尿污身主得财","污垢沐浴凌辱","0.336","龙蛇入门主得财","蛇咬人主得大财"
"approx","梦见蛇黄白","蛇黄白主有官事，事关公门，宜慎处","蛇黄白主有官事","龙蛇禽兽等类","0.930","见流桥主有官事","见桥坏主有官事"
"missing","梦见蛇赤黑","蛇赤者，口舌至","宫城塞者口舌至","门户井灶橱厕","0.556","见歌舞者口舌至","蛇赤黑主口舌吉"
"missing","梦见蛇赤黑","蛇黑者，宜青吉，遇事缄默无虞","蛇赤黑主口舌吉","龙蛇禽兽等类","0.135","蛇多者主阴司事","骑虎行者恶事无"
"missing","梦见蛇入灶","蛇入灶者，有官至，亦主家中得财","龙蛇入灶有官至","龙蛇禽兽等类","0.482","龙蛇入门主得财","在官厨中得财禄"
"approx","梦见蛇咬人","蛇蛟人主得大财","蛇咬人主得大财","龙蛇禽兽等类","0.777","鼎鼐者主得大财","釜溢者主得大财"
"missing","梦见蛇咬人","蛇咬不见血，事必圆满","蛇咬人主得大财","龙蛇禽兽等类","0.206","持刀相杀见血吉","砍刺见血主大吉"
"approx","梦见多蛇","蛇多者，主阴司事，宜避是非，善持心念","蛇多者主阴司事","龙蛇禽兽等类","0.925","手帕者主口舌事","锤钻者主侵害事"
"missing","梦见龙","龙飞者，贵人扶助之象","抱旌节主贵人扶","刀剑旌节钟鼓","0.306","见好枕有贵人扶","身在火中贵人扶"
"missing","梦见龙","乘龙上天，必得显贵","乘龙上天主大贵","天地日月星辰","0.530","乘龙上市主贵位","乘龙上山所求遂"
"missing","梦见龙入井","龙入井者，贵人被囚之象，不吉","龙入井中官被辱","龙蛇禽兽等类","0.306","贵人与之衣冠吉","执笏见贵人大吉"
"exact","梦见龙入水","乘龙入水有贵位","乘龙入水有贵位","龙蛇禽兽等类","1.000","乘龙上市主贵位","乘龙上天主大贵"
"approx","梦见龙入水","龙眠水中，求事遂意","龙眠水中求事通","龙蛇禽兽等类","0.761","枫生屋上百事遂","刀落水中妻妾亡"
"exact","梦见龙入门","龙当门者大吉昌","龙当门者大吉昌","龙蛇禽兽等类","1.000","种树木者大吉昌","杀猪者大吉利"
"exact","梦见龙入门","龙蛇入门，主得财","龙蛇入门主得财","龙蛇禽兽等类","1.000","果林中行主得财","剪刀剪物主得财"
"approx","梦见龙死","龙死亡，主失贵位，宜守不宜进","龙死亡主失贵位","龙蛇禽兽等类","0.943","乘龙上市主贵位","升山落地主失位"
"missing","梦见龙入市","乘龙入市，主贵位，名扬于众","乘龙上市主贵位","龙蛇禽兽等类","0.519","乘龙入水有贵位","夫妇入市主置产"
"missing","梦见老虎","虎入宅，官禄至","虎入宅中官职重","龙蛇禽兽等类","0.451","身着孝服官禄至","将棺入宅禄位至"
"missing","梦见老虎","虎伤人，主疾病","风吹人衣主疾病","天地日月星辰","0.451","贵人赐宴主疾病","死人食者主疾病"
"missing","梦见老虎","骑虎行，贵人助","蛇化龙行贵人助","龙蛇禽兽等类","0.556","凤凰主有贵人助","骑虎行者恶事无"
"missing","梦见虎走","虎出山走，主贵客至，客至有喜","居住高山有喜事","地理山石树木","0.173","抱妇人主有喜事","死人出棺外客至"
"approx","梦见骑虎","骑虎行者无恶事","骑虎行者恶事无","龙蛇禽兽等类","0.777","葫芦者主恶事连","裆盏被主有恶事"
"missing","梦见骑虎","与虎共行，主威权显","星列行主添奴婢","天地日月星辰","0.194","果林中行主得财","船飞行主大富贵"
"approx","梦见狼","豹狼恶狗有盗贼","豺狼恶狗有盗贼","龙蛇禽兽等类","0.843","与恶人言有口舌","天明妇有生贵子"
"missing","梦见狼","狼啖脚者，主有所失","狼啖脚者主不行","龙蛇禽兽等类","0.619","渡天河主有所吉","赠彩帛者主有权"
"missing","梦见熊","熊罴入梦，主身生贵子，宜祷以待","熊罢主身生贵子","龙蛇禽兽等类","0.452","星入怀主生贵子","带印主妻生贵子"
"approx","梦见象","白象江猪官位至，骑象远行，主有大喜","白象江猪官位至","龙蛇禽兽等类","0.925","鸡抱卵主有大喜","日光入屋官位至"
"approx","梦见狮子","狮子叫吼声名震","狮子叫吼场名震","龙蛇禽兽等类","0.777","灶下燃火有声名","麒麟者名震天下"
"missing","梦见狮子","见狮子者，主威名远播","狮子叫吼场名震","龙蛇禽兽等类","0.253","见笋者主添子孙","见读书者主聪明"
"missing","梦见猴","山猴主有争讼端","山猴有争讼事端","龙蛇禽兽等类","0.680","食大肉主有争讼","食葱韭主有争斗"
"approx","梦见猴","白猴主有禄位得","白猿主有禄位得","龙蛇禽兽等类","0.747","种田宽大有禄位","被马咬有禄位至"
"approx","梦见鹿","獐鹿在家得官禄","獐鹿在家益官禄","龙蛇禽兽等类","0.747","患厕中得官禄位","担水来家得财喜"
"missing","梦见鹿","鹿入门，禄位至","将棺入宅禄位至","冢墓馆郭迎送","0.451","眉与发齐禄位至","新换衣冠禄位至"
"approx","梦见兔","群兔上天得贵位","群免上天得贵位","龙蛇禽兽等类","0.747","乘龙上天主大贵","上天求妻儿女贵"
"approx","梦见兔","活兔在园，百忧去","浩鬼在园百忧去","龙蛇禽兽等类","0.687","天晴雨散百忧去","梳头洗面百忧去"
"approx","梦见骆驼","骆驼豹豸得重印，远行将至，福禄相随","骆驼豹豸得重印","龙蛇禽兽等类","0.925","山行得财有福禄","教人耕种远行至"
"missing","梦见豹","杀虎豹主得重印","骆驼豹豸得重印","龙蛇禽兽等类","0.433","猛虎大吼主得官","日月照身得重位"
"missing","梦见豹","与豹同行，宜守正以待势","与贼同行大吉利","水火盗贼灯烛","0.203","合伴同行凶事至","与人同船主移居"
"exact","梦见麒麟","麒麟者名震天下","麒麟者名震天下","龙蛇禽兽等类","1.000","佩印信者名准出","狮子叫吼场名震"
"missing","梦见麒麟","见麒麟，主非常之喜","麒麟者名震天下","龙蛇禽兽等类","0.224","见笋者主添子孙","剪刀主分财之事"
"missing","梦见牛","牛耕田园，主事成丰收","霜雪降主事不成","天地日月星辰","0.223","雪落身上万事成","熨斗盛火好事成"
"missing","梦见牛","乘牛入市，主有财至","夫妇入市主置产","道路桥梁集市","0.336","架厕屋主有财喜","群鱼游水主有财"
"missing","梦见黄牛","黄牛来家，主富贵临门，宜接纳新机","黄牛来家大富贵","牛马猪羊六畜","0.454","运石入家主富贵","水牛来家主丧事"
"exact","梦见水牛","水牛主先祖索食","水牛主先祖索食","牛马猪羊六畜","1.000","水牛来家主丧事","先祖考言求食吉"
"approx","梦见水牛","水牛来家，主丧事，宜慎言斋戒","水牛来家主丧事","牛马猪羊六畜","0.943","雪落家庭主丧事","锅铁破主丧事来"
"exact","梦见骑牛","骑牛入城有喜临","骑牛入城有喜临","牛马猪羊六畜","1.000","连城青色有喜吉","居住高山有喜事"
"approx","梦见骑牛","牵牛上山，主富贵昌盛","牵牛上山主富贵","牛马猪羊六畜","1.000","身被霹雳主富贵","运石入家主富贵"
"exact","梦见牛角有血","牛角有血主三公","牛角有血主三公","牛马猪羊六畜","1.000","松生屋上位三公","头生两角有争竞"
"missing","梦见牛角有血","牛触人凡事不成，宜避锋芒","牛触人心事不成","牛马猪羊六畜","0.549","见浮云作事不成","霜雪降主事不成"
"missing","梦见马","骑马奔驰，主喜事临门","居田宅主妻喜事","宫室屋宇仓库","0.223","抱妇人主有喜事","子死者主添喜事"
"missing","梦见马","见白马至，主有远客","燕子至有远客来","龙蛇禽兽等类","0.388","行车白马主大吉","乘白马者主疾病"
"exact","梦见马奔","马行千里大喜至","马行千里大喜至","牛马猪羊六畜","1.000","太子召大喜吉利","修理田舍有大喜"
"approx","梦见马奔","群马奔远，百凶解","群马奔统百凶解","牛马猪羊六畜","0.777","新衣攒来百事凶","仓库崩坏百事凶"
"exact","梦见骑驴骡","骑驴骡，主得财吉","骑驴骡主得财吉","牛马猪羊六畜","1.000","放鹤者主得财吉","骑羊上街主得财"
"missing","梦见骑驴骡","与驴同行，宜耐心，徐图渐进","与贼同行大吉利","水火盗贼灯烛","0.187","合伴同行凶事至","与人同船主移居"
"exact","梦见羊","子母羊益命大吉","子母羊益命大吉","牛马猪羊六畜","1.000","头白主长命大吉","绳索主长命大吉"
"missing","梦见羊","牵羊入门，主和合之象","车入门主有凶事","船车游行物价","0.306","龙蛇入门主得财","着麻鞋百事和合"
"approx","梦见杀猪","杀猪豖者大吉利","杀猪者大吉利","杀害斗伤打骂","0.812","冢墓高者大吉利","道施盖者大吉利"
"missing","梦见杀猪","杀羊打羊主病凶，宜识吉凶之别","女人相打主病至","杀害斗伤打骂","0.161","地高下不平主病","迁移尼寺主病至"
"exact","梦见猪自死","猪豚变人官事至","猪豚变人官事至","牛马猪羊六畜","1.000","与人衣服官事至","醉落井中官事至"
"missing","梦见猪自死","猪自死，主家事不顺，宜内省","杀猪吉猪自死凶","牛马猪羊六畜","0.290","霜雪降主事不成","食自死肉主别离"
"missing","梦见狗","犬吠主有客至","铜裆主有口舌至","金银珠玉绢帛","0.285","犬吠人鬼来求食","渡天河主有所吉"
"missing","梦见狗","群犬相斗，防口舌是非","与恶人言有口舌","帝王文武呼召","0.176","城门大开主口舌","宫城塞者口舌至"
"missing","梦见狗","犬咬人，主有小病","抱妇人主有喜事","夫妻产孕交欢","0.373","蛇咬人主得大财","女人拔刀主有子"
"exact","梦见狗吠","犬吠人鬼来求食","犬吠人鬼来求食","牛马猪羊六畜","1.000","先祖考言求食吉","钟磐有声远人来"
"missing","梦见狗吠","犬吠主人失财凶，宜慎家事","犬咬主人失财凶","牛马猪羊六畜","0.519","水蛭主女人失财","犬吠人鬼来求食"
"missing","梦见鸟","百鸟飞集，主喜事重重","庭前竹木喜重重","地理山石树木","0.223","居田宅主妻喜事","抱妇人主有喜事"
"missing","梦见鸟","飞鸟入怀，主得贵子","星入怀主生贵子","天地日月星辰","0.530","日入怀贵子月女","蛇入怀中生贵子"
"approx","梦见鸟入怀","飞鸟入怀皆主吉","飞鸟人怀皆主吉","龙蛇禽兽等类","0.747","老君真人皆主吉","星入怀主生贵子"
"missing","梦见鸟入怀","鸟入怀中，主得贵子","蛇入怀中生贵子","龙蛇禽兽等类","0.530","鹤入怀中生贵子","星入怀主生贵子"
"exact","梦见捉鸟","捉住飞鸟远信至","捉住飞鸟远信至","龙蛇禽兽等类","1.000","风如吼主远信至","穿并见水远信至"
"missing","梦见捉鸟","得鸟在手，主求事可成","龙眠水中求事通","龙蛇禽兽等类","0.176","霜雪降主事不成","手帕者主口舌事"
"exact","梦见鹰","驾鹞者主禄位至","驾鹞者主禄位至","龙蛇禽兽等类","1.000","见种田者禄位至","眉与发齐禄位至"
"missing","梦见鹰","鹰盘高空，主威名远播","空野无人主远行","冢墓馆郭迎送","0.140","风如吼主远信至","地高下不平主病"
"approx","梦见雀","雀鼠争斗有官事","雀相争斗有官事","龙蛇禽兽等类","0.747","见流桥主有官事","见桥坏主有官事"
"approx","梦见雀","鸦雀相噪，主酒食至，宜调心以待","鸦雀相噪主酒食","龙蛇禽兽等类","0.906","瓷碗者主酒食至","乘船看花酒食至"
"missing","梦见鸽（鸠）","鸠鸣者妇人口舌","见妇人阴主口舌","夫妻产孕交欢","0.433","鹦鹉妇人主口舌","鸠鸽者妇人有喜"
"missing","梦见鸽（鸠）","鸽群飞，宜避家中是非","家中生松事转丰","地理山石树木","0.176","家中生柏大吉利","家中分财主离散"
"approx","梦见鸳鸯","鸳鸯散去主妻凶","鸳鸯散去夫妻凶","龙蛇禽兽等类","0.777","带印主妻生贵子","居田宅主妻喜事"
"missing","梦见鸳鸯","鸳鸯戏水，主夫妻情笃","鸳鸯散去夫妻凶","龙蛇禽兽等类","0.382","镜破主夫妇离别","银钗夫妻主相殴"
"exact","梦见鹅鸭","鹅鸭同游添好妾","鹅鸭同游添好妾","龙蛇禽兽等类","1.000","杀鸡鹅鸭主大吉","着新袍主添妻妾"
"missing","梦见鹅鸭","鹅鸣院落，主家室和合","流星不落主移居","天地日月星辰","0.176","着麻鞋百事和合","新造桥者大和合"
"exact","梦见孔雀","孔雀者主大吉利","孔雀者主大吉利","龙蛇禽兽等类","1.000","面对官者主大吉","造旌盖主大吉利"
"approx","梦见孔雀","孔雀飞舞，主有文章名声","孔雀飞舞有文章","龙蛇禽兽等类","0.711","孔雀者主大吉利","文书用印有名声"
"exact","梦见鹦鹉","鹦鹉妇人主口舌","鹦鹉妇人主口舌","龙蛇禽兽等类","1.000","见妇人阴主口舌","城门大开主口舌"
"missing","梦见鹦鹉","学舌之鸟，戒言多必失","箱器生口舌之事","金银珠玉绢帛","0.176","鹦鹉妇人主口舌","升山落地主失位"
"exact","梦见鸦","鸦雀相噪主酒食","鸦雀相噪主酒食","龙蛇禽兽等类","1.000","瓷碗者主酒食至","刀伤出血主酒食"
"missing","梦见鸦","乌鸦盘屋，宜静观其变","癸天上屋得高官","天地日月星辰","0.047","日光入屋官位至","盘石安稳无忧疑"
"missing","梦见鹊","鹊噪枝头，主有喜信","抱妇人主有喜事","夫妻产孕交欢","0.336","自疾病者主有喜","死人复活主有信"
"missing","梦见鹊","鹊登庭木，主远客将至","风如吼主远信至","天地日月星辰","0.223","乘船饮酒远客至","空野无人主远行"
"approx","梦见凤凰","凤凰入怀，主生贵子","星入怀主生贵子","天地日月星辰","0.761","蛇入怀中生贵子","鹤入怀中生贵子"
"missing","梦见凤凰","凤鸣于野，主名显远闻","空野无人主远行","冢墓馆郭迎送","0.140","凤凰主有贵人助","风如吼主远信至"
"missing","梦见鸡","鸡鸣于晓，主官事顺遂","众人着白主官事","冠带衣服鞋袜","0.306","身被罗网主官事","车行主百事顺利"
"missing","梦见鸡","群鸡相逐，主和合之象","着麻鞋百事和合","冠带衣服鞋袜","0.176","新造桥者大和合","剪刀主分财之事"
"missing","梦见燕子","燕入家室，主添丁进口","棋子主添丁进口","文书笔墨兵器","0.565","运石入家主富贵","马入室主奸情事"
"missing","梦见燕子","乳燕绕梁，主家庭和睦","雪落家庭主丧事","天地日月星辰","0.176","强贼入宅主家破","厕中干者主家破"
"missing","梦见鹤","鹤立庭中，主长寿延年","头白主长命大吉","身体面目齿发","0.176","头须再生主长命","坐官府中主大吉"
"missing","梦见鹤","白鹤冲天，主名声显达","鹤上天主小口灾","龙蛇禽兽等类","0.223","乘龙上天主大贵","文书用印有名声"
"missing","梦见鱼","鱼跃池中，财禄至","在官厨中得财禄","门户井灶橱厕","0.277","钟鼓大鸣福禄至","超盖仓库福禄至"
"missing","梦见鱼","得大鱼，主厚利","大鱼扬动主声名","龟鳖鱼虾昆虫","0.315","鼎鼐者主得大财","釜溢者主得大财"
"missing","梦见鱼","食鱼肉，大吉","张网捕鱼大吉利","龟鳖鱼虾昆虫","0.326","水中钓鱼大吉利","鲤鱼妻有孕大吉"
"missing","梦见鱼游","鱼游深水，主远行有利","群鱼游水主有财","龟鳖鱼虾昆虫","0.429","空野无人主远行","已射人必主远行"
"missing","梦见鱼游","鱼戏清波，主喜事临","居田宅主妻喜事","宫室屋宇仓库","0.247","抱妇人主有喜事","子死者主添喜事"
"exact","梦见鲤鱼","鲤鱼妻有孕大吉","鲤鱼妻有孕大吉","龟鳖鱼虾昆虫","1.000","携手上桥妻有孕","天公使有大吉祥"
"missing","梦见鲤鱼","得鲤者，主名利双收","食水者主很大利","饮食酒肉瓜果","0.247","打球者主得虚名","得米谷者主大吉"
"exact","梦见捞鱼","张网捕鱼大吉利","张网捕鱼大吉利","龟鳖鱼虾昆虫","1.000","水中钓鱼大吉利","小鱼生子大吉利"
"missing","梦见捞鱼","人捕鱼主食皆吉，宜勤勉求之","人捕鱼作食皆吉","龟鳖鱼虾昆虫","0.513","张网捕鱼大吉利","一切贵人皆吉利"
"exact","梦见鳖","见鳖者主有得财","见鳖者主有得财","龟鳖鱼虾昆虫","1.000","铅与锡者主得财","放鹤者主得财吉"
"missing","梦见鳖","得鳖在家，主寿福绵长","纺绩者主寿命长","金银珠玉绢帛","0.223","运石入家主富贵","正堂倒陷家主凶"
"exact","梦见龟","龟入井宅富贵至","龟入井宅富贵至","龟鳖鱼虾昆虫","1.000","上高堂大富贵至","高楼饮酒富贵至"
"missing","梦见龟","捉龟者，主有别离之忧","杀龟者主有丧事","杀害斗伤打骂","0.435","捉龟者主丧事至","食栗者主有分别"
"exact","梦见螃蟹","螃蟹主百病消散","螃蟹主百病消散","龟鳖鱼虾昆虫","1.000","车行主百事顺利","风吹人衣主疾病"
"missing","梦见螃蟹","得蟹者，主旧疾得愈","掏厕者主得横财","门户井灶橱厕","0.247","铅与锡者主得财","新帘者主得好妻"
"missing","梦见蜘蛛","蜈蚣咬人寿命吉","天欲晓益寿命吉","天地日月星辰","0.373","绳索系身长命吉","覆盖屋宇长命吉"
"missing","梦见蜘蛛","蜘蛛结网，主谋事可成，唯须耐心","身被罗网主官事","扑禁刑罚狱具","0.161","霜雪降主事不成","见浮云作事不成"
"missing","梦见死人","与死人言，主禄至","开棺与死人言凶","冢墓馆郭迎送","0.560","死人食者主疾病","死人出棺外客至"
"missing","梦见死人","死人复生，主有吉事","死人复活主有信","哀乐病死歌唱","0.560","抱妇人主有喜事","死人食者主疾病"
"approx","梦见死人复活","死人复活主有信，主旧事重启，远讯将至","死人复活主有信","哀乐病死歌唱","0.950","抱妇人主有喜事","女人拔刀主有子"
"missing","梦见已故亲人","见亡亲言语者，宜守本分，勿贪进取","道士女冠言语吉","佛道僧尼鬼神","0.121","见笋者主添子孙","食栗者主有分别"
"exact","梦见与亡父言","先祖考言求食吉","先祖考言求食吉","帝王文武呼召","1.000","水牛主先祖索食","犬吠人鬼来求食"
"missing","梦见与亡父言","与亡亲对话，主家事须慎，不可妄动","强贼入宅主家破","水火盗贼灯烛","0.121","厕中干者主家破","霜雪降主事不成"
"approx","梦见祖先","见先亡尊长大吉","见死亡尊长大吉","哀乐病死歌唱","0.747","身拜尊长大吉昌","头白主长命大吉"
"missing","梦见祖先","祭祖入梦，宜诚守本心","日光入屋官位至","天地日月星辰","0.047","日入怀贵子月女","星入怀主生贵子"
"exact","梦见棺中人言","开棺与死人言凶","开棺与死人言凶","冢墓馆郭迎送","1.000","与恶人言有口舌","棺敛死人主得财"
"missing","梦见棺中人言","棺中言语，宜慎口舌之祸","箱器生口舌之事","金银珠玉绢帛","0.281","与恶人言有口舌","城门大开主口舌"
"missing","梦见办丧","家中办丧，主事变迁","家中生松事转丰","地理山石树木","0.247","家中分财主离散","家中乘船主没财"
"approx","梦见办丧","棺殓死人，主得财","棺敛死人主得财","冢墓馆郭迎送","0.747","死人哭坏者得财","被人凌辱主得财"
"missing","梦见送葬","见送殡者，主灾散","丧车过者主灾散","船车游行物价","0.530","见笋者主添子孙","人送帚者主得位"
"missing","梦见送葬","送葬遇车，旧厄过去","车载不起厄事去","船车游行物价","0.158","牙木梳旧事尽去","丧车过者主灾散"
"approx","梦见自己哭","放声大哭欢乐至","放声大哭欢乐生","哀乐病死歌唱","0.873","见鼓住声欢乐吉","牵牛羊来家欢乐"
"approx","梦见自己哭","与人哭泣，主有庆贺","与人哭泣有庆贺","哀乐病死歌唱","0.844","死人哭泣有口舌","与人交易主有疾"
"exact","梦见他人哭","死人哭泣有口舌","死人哭泣有口舌","哀乐病死歌唱","1.000","与人哭泣有庆贺","与恶人言有口舌"
"missing","梦见他人哭","他人哭，宜静观，不必参与","他人与笛有名声","哀乐病死歌唱","0.203","迁入他人新宅吉","得他人麻布衣凶"
"exact","梦见歌舞","见歌舞者口舌至","见歌舞者口舌至","哀乐病死歌唱","1.000","宫城塞者口舌至","铜铛者生口舌至"
"missing","梦见歌舞","堂上歌乐，宜慎家务","堂上歌乐主丧事","哀乐病死歌唱","0.478","堂上有棺身安乐","堂上地陷主安忧"
"exact","梦见自己唱歌","吹笛打鼓有吉庆","吹笛打鼓有吉庆","哀乐病死歌唱","1.000","电光照身有吉庆","打鼓有声远有来"
"approx","梦见自己唱歌","病人歌唱主大凶，须分情境","病人歌唱主大凶","哀乐病死歌唱","0.922","病人上车主大凶","与人争屋主大凶"
"missing","梦见陌生人","与不识之人相对，主遇新识","与人相骂者主吉","杀害斗伤打骂","0.225","与人相砍大吉庆","女人相打主病至"
"missing","梦见陌生人","接陌路之言，近有贵人","见好枕有贵人扶","床帐毡祷匙筋","0.306","凤凰主有贵人助","天门开贵人荐引"
"approx","梦见白衣人","白衣召作便死亡","白衣召作使死亡","帝王文武呼召","0.747","自身白衣人所谋","着白衣主有人请"
"missing","梦见白衣人","白衣人来，宜静守，避口舌之争","自身白衣人所谋","身体面目齿发","0.271","箱器生口舌之事","着白衣主有人请"
"missing","梦见乞食者","施乞者，主积阴德","蛇多者主阴司事","龙蛇禽兽等类","0.277","见笋者主添子孙","面对官者主大吉"
"missing","梦见乞食者","乞食者来，主旧业有助","死人食者主疾病","饮食酒肉瓜果","0.223","席箪者主有力助","食栗者主有分别"
"exact","梦见外乡客","远人来悲泣主凶","远人来悲泣主凶","哀乐病死歌唱","1.000","钟磐有声远人来","洒扫宅舍远人来"
"missing","梦见外乡客","远客至门，主旧识来访","乘船饮酒远客至","船车游行物价","0.336","燕子至有远客来","天火烧门主凶事"
"exact","梦见军人","军人入宅主大吉","军人入宅主大吉","宫室屋宇仓库","1.000","枷锁入宅主大凶","入王侯府主大吉"
"missing","梦见军人","将卒随行，主喜事","居田宅主妻喜事","宫室屋宇仓库","0.277","车行主百事顺利","抱妇人主有喜事"
"exact","梦见公差","吏引入司主大吉","吏引入司主大吉","扑禁刑罚狱具","1.000","入王侯府主大吉","军人入宅主大吉"
"missing","梦见公差","为吏所录，主有急事，宜速决","为吏所录有急事","扑禁刑罚狱具","0.630","器皿落井有急事","裆盏被主有恶事"
"exact","梦见盗贼","强贼入宅主家破","强贼入宅主家破","水火盗贼灯烛","1.000","军人入宅主大吉","枷锁入宅主大凶"
"missing","梦见盗贼","与贼同行，反主大吉，宜辨虚实","与贼同行大吉利","水火盗贼灯烛","0.483","行车白马主大吉","水上行者主大吉"
"missing","梦见美人","见美人者，主情思动","见笋者主添子孙","地理山石树木","0.247","从人着紫主情弊","人与秤者主权位"
"missing","梦见美人","美人言笑，宜防迷误","蜻蜓对飞美人来","龟鳖鱼虾昆虫","0.224","与恶人言有口舌","开棺与死人言凶"
"missing","梦见老叟","得老叟相教，主长寿","头白主长命大吉","身体面目齿发","0.194","头须再生主长命","绳索主长命大吉"
"missing","梦见老叟","与老叟同行，宜从其言","与贼同行大吉利","水火盗贼灯烛","0.223","合伴同行凶事至","与恶人言有口舌"
"exact","梦见婴孩","新生男女主大吉","新生男女主大吉","夫妻产孕交欢","1.000","屋宅更新主大吉","屋中生马主大吉"
"missing","梦见婴孩","婴儿啼哭，宜防小疾","抢鱼拾鱼主小疾","龟鳖鱼虾昆虫","0.194","病人哭笑疾病除","天光灼身疾病除"
"missing","梦见小孩","抱儿者，主得喜事","子死者主添喜事","哀乐病死歌唱","0.433","掏厕者主得横财","铅与锡者主得财"
"missing","梦见小孩","婴儿啼哭，主病疾","地高下不平主病","地理山石树木","0.217","迁移尼寺主病至","女人相打主病至"
"exact","梦见小孩哭","抱小儿女主口舌","抱小儿女主口舌","夫妻产孕交欢","1.000","小儿死者主口舌","城门大开主口舌"
"missing","梦见小孩哭","孩童哭泣，主家事不顺","床上哭泣主大凶","哀乐病死歌唱","0.306","霜雪降主事不成","饮酒者主哭泣事"
"missing","梦见抱小儿","抱孩入怀，主得喜事","星入怀主生贵子","天地日月星辰","0.336","抱妇人主有喜事","居田宅主妻喜事"
"missing","梦见抱小儿","抱儿入门，主家室和睦","车入门主有凶事","船车游行物价","0.306","龙蛇入门主得财","强贼入宅主家破"
"exact","梦见教子读书","观人读书生贵子","观人读书生贵子","文书笔墨兵器","1.000","妇人见龙生贵子","天明妇有生贵子"
"missing","梦见教子读书","教子有方，主家业兴旺","火烧自是主兴旺","水火盗贼灯烛","0.223","强贼入宅主家破","厕中干者主家破"
"approx","梦见怀孕","妇人有身，主大吉","妇人赤身主大吉","夫妻产孕交欢","0.747","军人入宅主大吉","与妇人共坐大吉"
"missing","梦见怀孕","见孕妇入宅，主财至","军人入宅主大吉","宫室屋宇仓库","0.336","枷锁入宅主大凶","强贼入宅主家破"
"missing","梦见生子","妇人生男，主贵","妇人见龙生贵子","龙蛇禽兽等类","0.345","与妇人争屋主吉","同妇人行主失财"
"missing","梦见生子","妇人生女，主富","与妇人争屋主吉","宫室屋宇仓库","0.285","同妇人行主失财","抱妇人主有喜事"
"missing","梦见生子","产子而吉，家室兴","齿落更生子孙兴","身体面目齿发","0.150","小鱼生子大吉利","枯木再发子孙兴"
"approx","梦见生男","妻著锦衣生贵子","妻着锦衣生贵子","夫妻产孕交欢","0.777","妻着夫衣生贵子","带印主妻生贵子"
"missing","梦见生男","产男见星，主子嗣显达","面生疮黑主子凶","身体面目齿发","0.176","手指折者主子病","火烧山野大显达"
"missing","梦见生女","得粉仆妻生娇女","得粉扑妻生桥女","镜环钗钏梳蓖","0.493","带印主妻生贵子","燕飞入怀妻生子"
"missing","梦见生女","生女含笑，主家室和顺","行胭脂粉主生女","镜环钗钏梳蓖","0.206","强贼入宅主家破","厕中干者主家破"
"missing","梦见亲人团聚","合家欢聚，主家道兴隆","草木茂盛家道兴","地理山石树木","0.306","日月初出家道昌","上屋破坏家道凶"
"missing","梦见亲人团聚","亲人相聚于堂，主吉事重至","与人相骂者主吉","杀害斗伤打骂","0.298","女人相打主病至","与人相砍大吉庆"
"missing","梦见父母","梦见父母，主添寿","见笋者主添子孙","地理山石树木","0.277","日月落忧没父母","树生堂上父母忧"
"missing","梦见父母","父母俱安，主家和万事兴","日月落忧没父母","天地日月星辰","0.191","树生堂上父母忧","齿自落者父母凶"
"exact","梦见兄弟相打","兄弟相打大吉利","兄弟相打大吉利","杀害斗伤打骂","1.000","米麦相排大吉利","杀猪者大吉利"
"missing","梦见兄弟相打","过后修和，主同心协力","席箪者主有力助","床帐毡祷匙筋","0.093","乘船过日月主宫","丧车过者主灾散"
"exact","梦见兄弟分别","兄弟分别口舌临","兄弟分别口舌临","夫妻产孕交欢","1.000","与恶人言有口舌","城门大开主口舌"
"missing","梦见兄弟分别","分离久者，宜先和亲","兄弟分别口舌临","夫妻产孕交欢","0.112","家中分财主离散","修桥梁者万事和"
"missing","梦见妻子","妻来相就，主和好","夫妻相打欲和会","夫妻产孕交欢","0.210","银钗夫妻主相殴","车轮破夫妻相别"
"missing","梦见妻子","妻与人言，防口舌","与恶人言有口舌","帝王文武呼召","0.493","与人饮酒有口舌","与人扣板有口舌"
"exact","梦见与夫相打","夫妻相打欲和会","夫妻相打欲和会","夫妻产孕交欢","1.000","车轮破夫妻相别","银钗夫妻主相殴"
"missing","梦见与夫相打","打过即和，主夫妇无嫌","镜破主夫妇离别","镜环钗钏梳蓖","0.306","夫妇入市主置产","夫妇宴会主相别"
"exact","梦见与妻分钗","夫妻分钗主离别","夫妻分钗主离别","夫妻产孕交欢","1.000","家中分财主离散","镜破主夫妇离别"
"missing","梦见与妻分钗","分钗起念，宜慎言行以护亲缘","夫妻分钗主离别","夫妻产孕交欢","0.198","金钗动有远行事","天裂有分主国忧"
"missing","梦见夫妻入水","妇人与夫入水吉","贵人与之衣冠吉","冠带衣服鞋袜","0.277","与妇人争屋主吉","与妇人共坐大吉"
"missing","梦见夫妻入水","同浴入水，主夫妇情笃","镜破主夫妇离别","镜环钗钏梳蓖","0.306","船中有水主得财","夫妇入市主置产"
"missing","梦见夫妻同浴","夫妻各与梳头吉","梳头洗面百忧去","身体面目齿发","0.217","银钗夫妻主相殴","人与梳蓖得美妾"
"missing","梦见夫妻同浴","同浴主夫妇齐心","镜破主夫妇离别","镜环钗钏梳蓖","0.373","夫妇入市主置产","夫妇宴会主相别"
"exact","梦见与异性同行","同妇人行主失财","同妇人行主失财","夫妻产孕交欢","1.000","大道崩馅主失财","交接男子主失财"
"missing","梦见与异性同行","男女同行，宜守正以避争","合伴同行凶事至","帝王文武呼召","0.161","新生男女主大吉","与贼同行大吉利"
"exact","梦见与异性同坐","与妇人共坐大吉","与妇人共坐大吉","夫妻产孕交欢","1.000","与妇人争屋主吉","妇人赤身主大吉"
"missing","梦见与异性同坐","安然同席，主和合无猜","着麻鞋百事和合","冠带衣服鞋袜","0.176","新造桥者大和合","盘石安稳无忧疑"
"exact","梦见拥抱","抱妇人主有喜事","抱妇人主有喜事","夫妻产孕交欢","1.000","鸠鸽者妇人有喜","居住高山有喜事"
"missing","梦见拥抱","抱夫主大得财喜，主和顺欢愉","担水来家得财喜","地理山石树木","0.241","升棺水上大得财","砍伐大树多得财"
"missing","梦见情人","见恋人者，情思未断","见笋者主添子孙","地理山石树木","0.105","妇人披头有私情","执笏见贵人大吉"
"missing","梦见情人","与情人言欢，近有喜事","抱妇人主有喜事","夫妻产孕交欢","0.352","居住高山有喜事","与恶人言有口舌"
"missing","梦见师长","见师长而受教，主学业有成","见军兵败主有凶","刀剑旌节钟鼓","0.115","见手帕主有口舌","见流桥主有官事"
"missing","梦见师长","师训相勉，近有贵人扶","见好枕有贵人扶","床帐毡祷匙筋","0.435","抱旌节主贵人扶","身在火中贵人扶"
"missing","梦见旧识","见旧识故人，主有所忆，心有未竟之事","锯主有断决之事","床帐毡祷匙筋","0.228","抱妇人主有喜事","渡天河主有所吉"
"missing","梦见朋友","故人相见，主有所遇","渡天河主有所吉","天地日月星辰","0.336","女人拔刀主有子","见军兵败主有凶"
"missing","梦见朋友","与友同坐，主得助力","与人公服主得职","冠带衣服鞋袜","0.247","乞得鞋履人助力","铅与锡者主得财"
"missing","梦见与友相会","与友同行，主合伙得利","与贼同行大吉利","水火盗贼灯烛","0.270","果林中行主得财","人送大桶主得利"
"missing","梦见与友相会","与友共席，主得人助","与人公服主得职","冠带衣服鞋袜","0.247","乞得鞋履人助力","铅与锡者主得财"
"exact","梦见与人对饮","与贵人对饮大吉","与贵人对饮大吉","饮食酒肉瓜果","1.000","执笏见贵人大吉","与人相砍大吉庆"
"missing","梦见与人对饮","对饮谈心，主合作可成","与贵人对饮大吉","饮食酒肉瓜果","0.206","见浮云作事不成","霜雪降主事不成"
"exact","梦见与人交易","与人交易主有疾","与人交易主有疾","帝王文武呼召","1.000","与妇人交有邪崇","就人卜易主疾病"
"missing","梦见与人交易","交易宜慎契约，勿仓促决","与人交易主有疾","帝王文武呼召","0.221","云起四方交易吉","超盖仓库福禄至"
"exact","梦见与人争吵","与人相骂者主吉","与人相骂者主吉","杀害斗伤打骂","1.000","与人相砍大吉庆","与妇人争屋主吉"
"missing","梦见与人争吵","过后宜和解，免久怨之患","身上虫行病患安","身体面目齿发","0.042","洗手洗足旧患除","贵人与之衣冠吉"
"approx","梦见与僧道言","僧师教人念经吉","憎师教人念经吉","佛道僧尼鬼神","0.843","教人耕种远行至","身人土中百事吉"
"approx","梦见与僧道言","与道士女冠言语吉，宜静心听其言","道士女冠言语吉","佛道僧尼鬼神","0.900","贵人与之衣冠吉","女着冠带主生子"
"exact","梦见与神言","佛共人言有福助","佛共人言有福助","佛道僧尼鬼神","1.000","与恶人言有口舌","山行得财有福禄"
"missing","梦见与神言","与神对语，主得心安","与人公服主得职","冠带衣服鞋袜","0.247","铅与锡者主得财","与神女通得贵子"
"approx","梦见与圣贤言","与圣贤说话大吉","与圣贤说诣大吉","帝王文武呼召","0.777","与人相砍大吉庆","与妇人共坐大吉"
"missing","梦见与圣贤言","得圣贤教，主明心见性","与圣贤说诣大吉","帝王文武呼召","0.206","得靴鞋主奴婢吉","得人刀主行人至"
"exact","梦见皇帝","天子赐坐有财吉","天子赐坐有财吉","帝王文武呼召","1.000","粳糯米者有财吉","带刀剑行有财利"
"exact","梦见皇帝","帝王宣召，有惊喜","帝王宣召有惊喜","帝王文武呼召","1.000","入帝王官行大吉","居住高山有喜事"
"exact","梦见王侯","王侯并坐大吉利","王侯并坐大吉利","帝王文武呼召","1.000","入王侯府主大吉","杀猪者大吉利"
"missing","梦见王侯","与王侯言，主威仪有成","入王侯府主大吉","宫室屋宇仓库","0.253","上天取物位王侯","负抱日月贵王侯"
"exact","梦见太子","太子召大喜吉利","太子召大喜吉利","帝王文武呼召","1.000","小鱼生子大吉利","杀猪者大吉利"
"missing","梦见太子","得太子言，主子嗣显达","太子召大喜吉利","帝王文武呼召","0.206","面生疮黑主子凶","手指折者主子病"
"missing","梦见将军","将卒随行主喜事","居田宅主妻喜事","宫室屋宇仓库","0.277","车行主百事顺利","抱妇人主有喜事"
"missing","梦见将军","得将军教，主谋事有成","霜雪降主事不成","天地日月星辰","0.140","见军兵败主有凶","见军兵败主凶事"
"exact","梦见使者","使命入门大吉利","使命入门大吉利","帝王文武呼召","1.000","门户大开大吉利","修移门户大吉利"
"missing","梦见使者","使者来访，主上人召唤","经络者主被人辱","金银珠玉绢帛","0.140","见龟者主女人贵","树木凋零主人凶"
"approx","梦见贵人","一切贵人皆吉祥","一切贵人皆吉利","帝王文武呼召","0.873","贵人与之衣冠吉","执笏见贵人大吉"
"missing","梦见贵人","得贵人扶持，事可顺成","抱旌节主贵人扶","刀剑旌节钟鼓","0.336","见好枕有贵人扶","身在火中贵人扶"
"approx","梦见官吏","见官者，主有口舌","桥断者主有口舌","道路桥梁集市","0.687","见手帕主有口舌","铜裆主有口舌至"
"missing","梦见官吏","得官者，主得禄","面对官者主大吉","身体面目齿发","0.391","掏厕者主得横财","铅与锡者主得财"
"missing","梦见官吏","官吏入门，主讼事将临","车入门主有凶事","船车游行物价","0.352","龙蛇入门主得财","天火烧门主凶事"
"missing","梦见乞丐","见乞丐者，主破财而得名","失落刀剑主破财","刀剑旌节钟鼓","0.281","打球者主得虚名","见鳖者主有得财"
"missing","梦见乞丐","施乞者，积阴德之象","道施盖者大吉利","佛道僧尼鬼神","0.105","蛇多者主阴司事","云忽遮日有阴私"
"missing","梦见水","清水盈庭，主大吉","桶盛水者主大吉","床帐毡祷匙筋","0.433","水上行者主大吉","水上火出主大吉"
"missing","梦见水","浑水满屋，主疾病","风吹人衣主疾病","天地日月星辰","0.373","地裂主疾病大凶","旗幡竞出主疾病"
"exact","梦见水中行","水上行者主大吉","水上行者主大吉","水火盗贼灯烛","1.000","桶盛水者主大吉","水上火出主大吉"
"approx","梦见水中行","自在水中大吉利，主心境澄明","自在水中大吉利","水火盗贼灯烛","0.913","身在禾中大吉利","水中钓鱼大吉利"
"missing","梦见洪水","水漫宅舍，主忧疾","洒扫宅舍远人来","宫室屋宇仓库","0.217","典卖田舍主失位","新冢棺郭主忧除"
"missing","梦见洪水","水退井盈，吉事至","醉落井中官事至","门户井灶橱厕","0.277","人云出井喜事至","合伴同行凶事至"
"exact","梦见过河","乘船渡江河得官","乘船渡江河得官","船车游行物价","1.000","乘船看日月得职","铺席合坐得官位"
"missing","梦见过河","过河平稳，主前程顺达","渡天河主有所吉","天地日月星辰","0.093","地高下不平主病","乘船过日月主宫"
"exact","梦见溪流","水流洋洋有新婚","水流洋洋有新婚","水火盗贼灯烛","1.000","灶下水流得横财","见流桥主有官事"
"missing","梦见溪流","溪水清流，主心事渐顺","取井水清吉浑凶","门户井灶橱厕","0.176","牛触人心事不成","车行主百事顺利"
"exact","梦见湖海","江海涨漫大吉昌","江海涨漫大吉昌","水火盗贼灯烛","1.000","礼拜日月大吉昌","五色云主大吉昌"
"missing","梦见湖海","湖光浩渺，主胸襟开阔","天门开贵人荐引","天地日月星辰","0.047","天光灼身疾病除","乘龙上天主大贵"
"missing","梦见海","乘船涉海，主远行有利","空野无人主远行","冢墓馆郭迎送","0.306","已射人必主远行","带刀剑行有财利"
"missing","梦见海","海风大作，防波折","狂风大雨人死亡","天地日月星辰","0.217","大木忽折主凶恶","乘船风帆大吉利"
"missing","梦见海","海水平静，主心事渐明","牛触人心事不成","牛马猪羊六畜","0.176","水上立者主凶事","水牛来家主丧事"
"exact","梦见井水溢","井中沸溢主得财","井中沸溢主得财","门户井灶橱厕","1.000","果林中行主得财","船中有水主得财"
"missing","梦见井水溢","井水满溢，主财源广进","井中沸溢主得财","门户井灶橱厕","0.270","井中伏泥出主财","他人起笔主财进"
"missing","梦见火","火光冲天，主大吉","执火入船主大吉","船车游行物价","0.433","水上火出主大吉","乘龙上天主大贵"
"missing","梦见火","火焚屋舍，主得财","厕屋上卧主得财","污垢沐浴凌辱","0.433","果林中行主得财","剪刀剪物主得财"
"exact","梦见火烧山","火烧山野大显达","火烧山野大显达","水火盗贼灯烛","1.000","火烧日月大人助","天火烧门主凶事"
"missing","梦见火烧山","山火远见，主事可奋发","霜雪降主事不成","天地日月星辰","0.176","天火烧门主凶事","见流桥主有官事"
"approx","梦见火烧屋","火烧自屋主兴旺","火烧自是主兴旺","水火盗贼灯烛","0.747","天火烧门主凶事","大火烧天主国安"
"approx","梦见火烧屋","火焰炎炎主发财，事必大显","火焰炎炎主发财","水火盗贼灯烛","0.922","火烧山野大显达","入果园中大发财"
"missing","梦见太阳","日初出，贵人至","日初出无云大吉","天地日月星辰","0.391","日月初出家道昌","贵人赐绫锦官至"
"missing","梦见太阳","日高升，名显扬","登大树名利显扬","地理山石树木","0.285","日光入屋官位至","日出有光有好事"
"missing","梦见太阳","日落西，事将终","日出有光有好事","天地日月星辰","0.150","云开日出凶事散","日月落忧没父母"
"exact","梦见日初升","日初出无云大吉","日初出无云大吉","天地日月星辰","1.000","日月初出家道昌","礼拜日月大吉昌"
"missing","梦见日初升","旭日东升，主前程光明","日月衔山奴欺主","天地日月星辰","0.093","日光入屋官位至","日出有光有好事"
"exact","梦见日落","日入怀贵子月女","日入怀贵子月女","天地日月星辰","1.000","星入怀主生贵子","蛇入怀中生贵子"
"missing","梦见日落","日落西山，事将终而宜守","日月落忧没父母","天地日月星辰","0.084","日月衔山奴欺主","日出有光有好事"
"exact","梦见日蚀","日月昏暗孕妇吉","日月昏暗孕妇吉","天地日月星辰","1.000","礼拜日月大吉昌","日月初出家道昌"
"missing","梦见日蚀","日蚀者，主国事有变，宜慎其言","赠彩帛者主有权","金银珠玉绢帛","0.173","手帕者主口舌事","席箪者主有力助"
"missing","梦见月亮","月圆光皎，百事吉","身人土中百事吉","地理山石树木","0.373","衣带自解百事吉","冢基门开百事吉"
"missing","梦见月亮","月蚀者，病疾至","刷牙者病患不生","镜环钗钏梳蓖","0.225","呕吐者病人出痊","麻丛身者主病至"
"exact","梦见月圆","日月合会妻有子","日月合会妻有子","天地日月星辰","1.000","食茄者主妻有子","看神佛者妻有子"
"missing","梦见月圆","月圆夜静，主家室和合","着麻鞋百事和合","冠带衣服鞋袜","0.176","新造桥者大和合","强贼入宅主家破"
"exact","梦见月落","日月落忧没父母","日月落忧没父母","天地日月星辰","1.000","齿自落者父母凶","日月初出家道昌"
"missing","梦见月落","月落西山，宜静守","日月落忧没父母","天地日月星辰","0.247","日月衔山奴欺主","日月初出家道昌"
"missing","梦见星辰","众星列天，主名显高举","星列行主添奴婢","天地日月星辰","0.223","乘龙上天主大贵","大火烧天主国安"
"missing","梦见星辰","流星陨落，主有大变","流星不落主移居","天地日月星辰","0.418","入牢狱主有大贵","鸡抱卵主有大喜"
"exact","梦见星陨","星落有病及官事","星落有病及官事","天地日月星辰","1.000","醉落井中官事至","见流桥主有官事"
"exact","梦见星陨","流星不落，主移居","流星不落主移居","天地日月星辰","1.000","与人同船主移居","佩印执笏主移居"
"exact","梦见流星","流星不落主移居","流星不落主移居","天地日月星辰","1.000","与人同船主移居","佩印执笏主移居"
"missing","梦见流星","流星过眼，主心愿乍起","流星不落主移居","天地日月星辰","0.253","星入怀主生贵子","星列行主添奴婢"
"exact","梦见北斗","巡天摩星位公卿","巡天摩星位公卿","天地日月星辰","1.000","天皇明主公卿至","上天取物位王侯"
"approx","梦见北斗","持执星宿，主大富贵","持执星宿大富贵","天地日月星辰","0.814","得铜物主大富贵","船飞行主大富贵"
"exact","梦见银河","渡天河主有所吉","渡天河主有所吉","天地日月星辰","1.000","桑生井上主有忧","着白衣主有人请"
"missing","梦见银河","银河横空，主胸襟壮阔","渡天河主有所吉","天地日月星辰","0.123","金银宝者主富贵","银钗夫妻主相殴"
"missing","梦见天裂","天裂有分国之忧","天裂有分主国忧","天地日月星辰","0.680","食栗者主有分别","天晴雨散百忧去"
"missing","梦见天裂","天裂者，宜慎大局之变","天裂有分主国忧","天地日月星辰","0.206","仰面向天大富贵","乘龙上天主大贵"
"approx","梦见登天","登天上屋得高官","癸天上屋得高官","天地日月星辰","0.843","披甲杖剑得高官","盖城上屋大吉利"
"missing","梦见登天","升天主大富贵，宜守正道","得铜物主大富贵","金银珠玉绢帛","0.400","船飞行主大富贵","乘龙上天主大贵"
"exact","梦见持星","持执星宿大富贵","持执星宿大富贵","天地日月星辰","1.000","仰面向天大富贵","旌旗迎接大富贵"
"missing","梦见持星","摘星入怀，主名利双收","星入怀主生贵子","天地日月星辰","0.435","日入怀贵子月女","登大树名利显扬"
"missing","梦见云","祥云五彩，主贵人至","抱旌节主贵人扶","刀剑旌节钟鼓","0.336","得人刀主行人至","贵人赐绫锦官至"
"missing","梦见云","乌云蔽日，主忧事起","新冢棺郭主忧除","冢墓馆郭迎送","0.194","云开日出凶事散","天裂有分主国忧"
"exact","梦见五色云","五色云主大吉昌","五色云主大吉昌","天地日月星辰","1.000","礼拜日月大吉昌","修平田地大吉昌"
"missing","梦见五色云","彩云出岫，主祯祥临","人云出井喜事至","门户井灶橱厕","0.194","五色云主大吉昌","云开日出凶事散"
"approx","梦见黑云","黑云至地时气病","黑云压地时气病","天地日月星辰","0.777","地裂主疾病大凶","地高下不平主病"
"missing","梦见黑云","阴云蔽日，主气运暂滞","见馒头未食主气","饮食酒肉瓜果","0.176","黑云压地时气病","日月衔山奴欺主"
"exact","梦见浓雾","云雾遮事大吉利","云雾遮事大吉利","天地日月星辰","1.000","杀猪者大吉利","雪下及时大吉利"
"missing","梦见浓雾","浓雾迷天，主事多隐情","乘龙上天主大贵","天地日月星辰","0.176","霜雪降主事不成","大火烧天主国安"
"exact","梦见霜降","霜雪降主事不成","霜雪降主事不成","天地日月星辰","1.000","见浮云作事不成","门前坑沟事不成"
"missing","梦见霜降","霜降于晨，宜稳重以待","霜雪降主事不成","天地日月星辰","0.093","日月照身得重位","卧于石上主大吉"
"exact","梦见霞光","霞满天百事欢悦","霞满天百事欢悦","天地日月星辰","1.000","身人土中百事吉","枫生屋上百事遂"
"missing","梦见霞光","朝霞布锦，主前路通明","拜朝廷者主富贵","宫室屋宇仓库","0.093","道中得财主通达","见读书者主聪明"
"missing","梦见露水","朝露不化，主事易成","霜雪降主事不成","天地日月星辰","0.247","流星不落主移居","见浮云作事不成"
"missing","梦见露水","露珠盈叶，主小利可期","鹤上天主小口灾","龙蛇禽兽等类","0.176","抢鱼拾鱼主小疾","蚕飞不茧主小吉"
"missing","梦见冰雹","雹击禾稼，主庄稼受损","自种田禾主出行","田园五谷耕种","0.093","得禾忽失主得秩","乘龙上天主大贵"
"missing","梦见冰雹","冰雹落屋，宜慎财损","大树落叶屋中吉","地理山石树木","0.105","失落刀剑主破财","厕屋上卧主得财"
"exact","梦见暴雨","狂风大雨人死亡","狂风大雨人死亡","天地日月星辰","1.000","屋宅无人主死亡","病人装车必死亡"
"missing","梦见暴雨","暴雨突至，宜避险事","逾墙度宅险事去","宫室屋宇仓库","0.194","阴雨晦时主囚事","狂风大雨人死亡"
"missing","梦见下雨","细雨润物，主有小利","渡天河主有所吉","天地日月星辰","0.194","桑生井上主有忧","着白衣主有人请"
"missing","梦见下雨","暴雨骤来，防险事","逾墙度宅险事去","宫室屋宇仓库","0.217","阴雨晦时主囚事","新衣攒来百事凶"
"missing","梦见下雨","久雨方晴，主忧事终结","新冢棺郭主忧除","冢墓馆郭迎送","0.176","阴雨晦时主囚事","天晴雨散百忧去"
"missing","梦见下雪","瑞雪降庭，主丰年有余","霜雪降主事不成","天地日月星辰","0.223","雪落家庭主丧事","渡天河主有所吉"
"missing","梦见下雪","踏雪独行，主高洁之志","星列行主添奴婢","天地日月星辰","0.176","果林中行主得财","船飞行主大富贵"
"missing","梦见打雷","雷鸣于野，行人利","得人刀主行人至","刀剑旌节钟鼓","0.217","人射已有行人至","怀中琵琶行人力"
"missing","梦见打雷","雷击屋者，惊中有定","井中有鱼身主贵","门户井灶橱厕","0.194","船中有水主得财","大树落叶屋中吉"
"exact","梦见霹雳","身被霹雳主富贵","身被霹雳主富贵","天地日月星辰","1.000","羽益盖身主富贵","运石入家主富贵"
"missing","梦见霹雳","震耳一声，宜抓住机遇","雷霆作声官位至","天地日月星辰","0.047","雷声恐怕私居吉","雷从地震主志遂"
"exact","梦见闪电","电光照身有吉庆","电光照身有吉庆","天地日月星辰","1.000","拜尊长者有吉庆","吹笛打鼓有吉庆"
"missing","梦见闪电","闪电照夜，主事将明朗","霜雪降主事不成","天地日月星辰","0.176","电光照身有吉庆","雪落家庭主丧事"
"approx","梦见赤虹","赤虹见吉","赤虹见吉黑虹凶","天地日月星辰","0.941","云赤白吉青黑凶","执笏见贵人大吉"
"missing","梦见赤虹","赤虹横天，主吉事将临","赤虹见吉黑虹凶","天地日月星辰","0.253","乘龙上天主大贵","行道宫见仙主吉"
"missing","梦见黑虹","阴虹现天，宜避是非之境","船浅在岸是非厄","船车游行物价","0.161","赤虹见吉黑虹凶","天门开贵人荐引"
"missing","梦见风","和风拂面，主吉事临","行道宫见仙主吉","宫室屋宇仓库","0.194","与妇人争屋主吉","老君真人皆主吉"
"missing","梦见风","狂风大作，主动荡之象","狂风大雨人死亡","天地日月星辰","0.336","风吹人衣主疾病","风如吼主远信至"
"missing","梦见山","登山而上，主升迁之喜","卧于石上主大吉","地理山石树木","0.176","地中黑气上主凶","桑生井上主有忧"
"missing","梦见山","见青山而远望，主心怀高志","日月衔山奴欺主","天地日月星辰","0.076","雷从地震主志遂","升山落地主失位"
"missing","梦见登山","上山恐怕禄位至","桥上坐立禄位至","道路桥梁集市","0.433","几上有书禄位至","眉与发齐禄位至"
"missing","梦见登山","登山见日，主名利兼收","登大树名利显扬","地理山石树木","0.223","见四通路名利遂","见脂粉主大财利"
"missing","梦见下山","行走上坡病思除","天光灼身疾病除","天地日月星辰","0.120","身上虫行病患安","沐浴迁官疾病除"
"missing","梦见下山","下山速行，宜慎其速以避失","升山落地主失位","地理山石树木","0.076","山行得财有福禄","同妇人行主失财"
"missing","梦见山崩","上山毁坏主凶恶","身上汗出主凶恶","身体面目齿发","0.433","大木忽折主凶恶","绳索断者主凶恶"
"missing","梦见山崩","山崩眼前，宜稳避其险","日月衔山奴欺主","天地日月星辰","0.047","盘石安稳无忧疑","升山落地主失位"
"exact","梦见登岩","登岩抱石官职迁","登岩抱石官职迁","地理山石树木","1.000","日月欲出有官职","人与公服加官职"
"missing","梦见登岩","攀岩入云，主奋发可成","五色云主大吉昌","天地日月星辰","0.176","星入怀主生贵子","见浮云作事不成"
"exact","梦见走平地","地高下不平主病","地高下不平主病","地理山石树木","1.000","迁移尼寺主病至","女人相打主病至"
"missing","梦见走平地","走平地者，主诸事顺遂","手帕者主口舌事","镜环钗钏梳蓖","0.223","锤钻者主侵害事","车行主百事顺利"
"exact","梦见地动","地动主迁官位吉","地动主迁官位吉","地理山石树木","1.000","公座移动主迁官","枪槊主官位吉利"
"missing","梦见地动","地动而稳，主事变中得机","地动主迁官位吉","地理山石树木","0.233","霜雪降主事不成","在官厨中得财禄"
"exact","梦见地陷","地裂主疾病大凶","地裂主疾病大凶","地理山石树木","1.000","风吹人衣主疾病","旗幡竞出主疾病"
"missing","梦见地陷","地陷脚下，宜稳重以待","堂上地陷主安忧","地理山石树木","0.206","地高下不平主病","地裂主疾病大凶"
"exact","梦见走泥泞","在泥中所求不成","在泥中所求不成","污垢沐浴凌辱","1.000","车不行所求不遂","天地合所求皆得"
"missing","梦见走泥泞","行走泥泞，宜暂缓以蓄力","怀中琵琶行人力","哀乐病死歌唱","0.084","星列行主添奴婢","行路逢雨有酒食"
"approx","梦见过桥","桥上坐主禄位至","桥上坐立禄位至","道路桥梁集市","0.747","驾鹞者主禄位至","几上有书禄位至"
"missing","梦见过桥","过桥稳行，主事必有成","霜雪降主事不成","天地日月星辰","0.223","车行主百事顺利","星列行主添奴婢"
"missing","梦见大地","立于大地者，主根基稳固","大小盆者主团圆","床帐毡祷匙筋","0.203","死人立者主大凶","水上立者主凶事"
"missing","梦见大地","田野广阔，主事业有成","霜雪降主事不成","天地日月星辰","0.223","居田宅主妻喜事","野鸭入宅主有凶"
"exact","梦见枯木","枯木再发子孙兴","枯木再发子孙兴","地理山石树木","1.000","枯木开花兴子孙","齿落更生子孙兴"
"missing","梦见枯木","枯木开花，主事可重启","枯木开花兴子孙","地理山石树木","0.465","枯木再发子孙兴","霜雪降主事不成"
"approx","梦见花开","枯木开花子孙兴","枯木开花兴子孙","地理山石树木","0.777","枯木再发子孙兴","齿落更生子孙兴"
"missing","梦见花开","花开当时，主事运到时","阴雨晦时主囚事","天地日月星辰","0.223","霜雪降主事不成","云开日出凶事散"
"exact","梦见果实落","果树多熟子孙安","果树多熟子孙安","地理山石树木","1.000","门中生果树有子","枯木再发子孙兴"
"missing","梦见果实落","果落入手，主小利可得","鹤上天主小口灾","龙蛇禽兽等类","0.176","抢鱼拾鱼主小疾","蚕飞不茧主小吉"
"exact","梦见竹生","庭前竹木喜重重","庭前竹木喜重重","地理山石树木","1.000","兰生庭前主添孙","马舞庭前凶事散"
"missing","梦见竹生","竹生堂前，主家中吉气盛","家中生柏大吉利","地理山石树木","0.203","兰生庭前主添孙","家中欢喜百事吉"
"exact","梦见松柏","家中生松事转丰","家中生松事转丰","地理山石树木","1.000","家中生柏大吉利","家中欢喜百事吉"
"exact","梦见松柏","屋上生松柏益寿","屋上生松柏益寿","宫室屋宇仓库","1.000","屋上生禾官位吉","天欲晓益寿命吉"
"exact","梦见兰草","兰生庭前主添孙","兰生庭前主添孙","地理山石树木","1.000","见笋者主添子孙","星列行主添奴婢"
"missing","梦见兰草","兰香袭人，主家有贵客","得他人镜有贵子","镜环钗钏梳蓖","0.223","抱妇人主有喜事","人家有水见子亡"
"approx","梦见拾花","入菜园中大发财","入果园中大发财","地理山石树木","0.747","入仓库中大吉昌","身在禾中大吉利"
"missing","梦见拾花","拾花在手，主小喜临身","抢鱼拾鱼主小疾","龟鳖鱼虾昆虫","0.223","枷索临身病欲来","枷锁临身疾病至"
"exact","梦见折花","与人分花主分散","与人分花主分散","地理山石树木","1.000","与人分金主分散","破镜照人主分散"
"missing","梦见折花","折花当道，宜慎分与之事","剪刀主分财之事","刀剑旌节钟鼓","0.203","贵人与之衣冠吉","箱器生口舌之事"
"missing","梦见天晴","久阴方晴，主忧事渐散","新冢棺郭主忧除","冢墓馆郭迎送","0.176","阴雨晦时主囚事","天晴雨散百忧去"
"missing","梦见天晴","天晴日朗，百事皆宜","天晴雨散百忧去","天地日月星辰","0.277","霞满天百事欢悦","身人土中百事吉"
"approx","梦见掉牙","齿落者，主有丧事","杀龟者主有丧事","杀害斗伤打骂","0.687","病重者主有凶事","捉龟者主丧事至"
"missing","梦见掉牙","齿更生者，吉","齿落更生子孙兴","身体面目齿发","0.326","镜明者吉暗者凶","杀猪者大吉利"
"exact","梦见缺齿","齿自落者父母凶","齿自落者父母凶","身体面目齿发","1.000","日月落忧没父母","自落水中不出凶"
"missing","梦见缺齿","齿少缺，宜慎家中长辈安康","家住井中长子匈","门户井灶橱厕","0.187","家中生松事转丰","家中生柏大吉利"
"exact","梦见齿生","齿落更生子孙兴","齿落更生子孙兴","身体面目齿发","1.000","枯木再发子孙兴","头须自落忧子孙"
"missing","梦见齿生","新牙重生，主家业更新","头须再生主长命","身体面目齿发","0.176","屋宅更新主大吉","门更新主生贵子"
"missing","梦见头发","自剪发，主丧忧","雪落家庭主丧事","天地日月星辰","0.225","锅铁破主丧事来","堂上歌乐主丧事"
"missing","梦见头发","白发生，主长寿","头须再生主长命","身体面目齿发","0.391","头白主长命大吉","绳索主长命大吉"
"exact","梦见白发","头白主长命大吉","头白主长命大吉","身体面目齿发","1.000","绳索主长命大吉","种菜主长命大吉"
"missing","梦见白发","须白渐染，宜安享余年","头白主长命大吉","身体面目齿发","0.077","云赤白吉青黑凶","盘石安稳无忧疑"
"exact","梦见秃头","头秃发落皆凶事","头秃发落皆凶事","身体面目齿发","1.000","云开日出凶事散","合伴同行凶事至"
"missing","梦见秃头","落发当道，宜善养身心","雪落身上万事成","天地日月星辰","0.093","头秃发落皆凶事","天光灼身疾病除"
"exact","梦见生角","头生两角有争竞","头生两角有争竞","身体面目齿发","1.000","妻有争主外私情","食大肉主有争讼"
"missing","梦见生角","生角者，宜避口舌之争","箱器生口舌之事","金银珠玉绢帛","0.352","宫城塞者口舌至","手帕者主口舌事"
"exact","梦见梳头","梳头洗面百忧去","梳头洗面百忧去","身体面目齿发","1.000","天晴雨散百忧去","浩鬼在园百忧去"
"missing","梦见梳头","梳理整齐，主家事顺","车行主百事顺利","船车游行物价","0.247","强贼入宅主家破","厕中干者主家破"
"exact","梦见洗头","洗头迁居疾病除","洗头迁居疾病除","污垢沐浴凌辱","1.000","沐浴迁官疾病除","天光灼身疾病除"
"missing","梦见洗头","洗发清新，主事运转好","霜雪降主事不成","天地日月星辰","0.176","屋宅更新主大吉","门更新主生贵子"
"missing","梦见眼睛","目能远视，主贵人至","抱旌节主贵人扶","刀剑旌节钟鼓","0.336","得人刀主行人至","贵人赐绫锦官至"
"missing","梦见眼睛","目盲者，近有忧事","桑生井上主有忧","地理山石树木","0.217","看放烟火有忧散","食蒜者有灾害事"
"approx","梦见眼亮","照镜明吉","照镜明吉暗者凶","身体面目齿发","0.911","镜明者吉暗者凶","冢墓上明吉暗凶"
"missing","梦见眼亮","目能远视，主前程开朗","远人来悲泣主凶","哀乐病死歌唱","0.093","天门开贵人荐引","乘龙上天主大贵"
"missing","梦见眼盲","照镜暗者凶","照镜明吉暗者凶","身体面目齿发","0.648","镜明者吉暗者凶","食一初果者凶至"
"missing","梦见眼盲","目盲者，宜静养以待复明","见读书者主聪明","文书笔墨兵器","0.084","天明妇有生贵子","天皇明主公卿至"
"approx","梦见鼻血","手足脓血出大吉","手足浓血出大吉","身体面目齿发","0.747","墓中棺自出大吉","日初出无云大吉"
"missing","梦见鼻血","鼻出血者，宜慎口舌之过","箱器生口舌之事","金银珠玉绢帛","0.281","宫城塞者口舌至","手帕者主口舌事"
"missing","梦见耳聋","耳鸣者，主有失财","食梨者主失财帛","饮食酒肉瓜果","0.433","见鳖者主有得财","赠彩帛者主有权"
"missing","梦见耳聋","耳聋者，宜慎口舌祸","宫城塞者口舌至","门户井灶橱厕","0.247","手帕者主口舌事","铜铛者生口舌至"
"missing","梦见流血","出血见红，主财","刀伤出血主酒食","杀害斗伤打骂","0.315","井中伏泥出主财","被刀出血得酒食"
"missing","梦见流血","大出血，主忧","刀伤出血主酒食","杀害斗伤打骂","0.442","被刀出血得酒食","新冢棺郭主忧除"
"missing","梦见出汗","汗出如雨，主劳苦之象","身上汗出主凶恶","身体面目齿发","0.223","阴雨晦时主囚事","风如吼主远信至"
"missing","梦见出汗","夜半出汗，主心神不宁","霜雪降主事不成","天地日月星辰","0.093","身上汗出主凶恶","笏破忧凶主不祥"
"approx","梦见生翼","身生羽翼飞大吉","身生羽翼飞大吉身逃走得脱病去","帝王文武呼召","0.900","飞上天富贵大吉","家中生柏大吉利"
"missing","梦见生翼","得羽翼，主名利可达","登大树名利显扬","地理山石树木","0.194","见四通路名利遂","道中得财主通达"
"approx","梦见身肥","身成肥瘦皆为凶","身或肥瘦皆为凶","身体面目齿发","0.747","雪落身上万事成","身上汗出主凶恶"
"missing","梦见身肥","体肥变易，宜稳心持中","持执星宿大富贵","天地日月星辰","0.047","云起四方交易吉","地中黑气上主凶"
"approx","梦见身瘦","身成肥瘦皆为凶","身或肥瘦皆为凶","身体面目齿发","0.747","雪落身上万事成","身上汗出主凶恶"
"missing","梦见身瘦","身瘦多虑，宜养神还元","身或肥瘦皆为凶","身体面目齿发","0.093","天光灼身疾病除","日月照身得重位"
"approx","梦见手指折","手措折者主子病","手指折者主子病","杀害斗伤打骂","0.777","见笋者主添子孙","手帕者主口舌事"
"missing","梦见手指折","指节有伤，宜避利刃之事","锯主有断决之事","床帐毡祷匙筋","0.203","手持旌节有恩偿","剪刀主分财之事"
"missing","梦见脚痛","被人脚踢主求财","被人凌辱主得财","杀害斗伤打骂","0.337","被人打者主得力","被人绑主疾病至"
"missing","梦见脚痛","足痛行迟，宜暂歇蓄力","怀中琵琶行人力","哀乐病死歌唱","0.093","星列行主添奴婢","行路逢雨有酒食"
"missing","梦见受伤","身被伤痕，主有口舌是非","铜裆主有口舌至","金银珠玉绢帛","0.400","见手帕主有口舌","桥断者主有口舌"
"missing","梦见受伤","跌伤流血，主有远信","风如吼主远信至","天地日月星辰","0.247","见流桥主有官事","手弄笔砚主远信"
"missing","梦见生病","梦中生病，不祥之象","刀割猪肉主生病","饮食酒肉瓜果","0.224","门中生果树有子","家中生松事转丰"
"missing","梦见生病","病起而愈，主忧事终散","新冢棺郭主忧除","冢墓馆郭迎送","0.176","病重者主有凶事","天裂有分主国忧"
"missing","梦见洗澡","沐浴更衣，主除旧布新","沐浴迁官疾病除","身体面目齿发","0.253","男女沐浴上床凶","沐浴尘土疾病安"
"missing","梦见洗澡","冷水沐浴，防疾病","沐浴迁官疾病除","身体面目齿发","0.463","沐浴尘土疾病安","男女沐浴上床凶"
"missing","梦见美貌","容颜光鲜，主人缘多助","树木凋零主人凶","地理山石树木","0.176","犬咬主人失财凶","玉石器主有人助"
"missing","梦见美貌","镜中自见美貌，主心愿可成","见浮云作事不成","天地日月星辰","0.076","霜雪降主事不成","地中黑气上主凶"
"missing","梦见丑容","镜中见丑容，主近有忧事","桑生井上主有忧","地理山石树木","0.203","见流桥主有官事","见桥坏主有官事"
"missing","梦见丑容","面容改变，近期心境动荡","仰面向天大富贵","天地日月星辰","0.042","地动主迁官位吉","梳头洗面百忧去"
"exact","梦见身受戒","身受戒行者子孝","身受戒行者子孝","佛道僧尼鬼神","1.000","桥柱折者子孙凶","水上行者主大吉"
"missing","梦见身受戒","持戒洁身，主家室和顺","雪不沾身主孝服","天地日月星辰","0.176","羽益盖身主富贵","井中有鱼身主贵"
"approx","梦见戴冠","自戴幞头巾帽吉","自戴帽头巾帽吉","冠带衣服鞋袜","0.747","头白主长命大吉","衣带自解百事吉"
"exact","梦见戴冠","簪冠登台，职位迁","簪冠登台职位迁","冠带衣服鞋袜","1.000","戴冠登车官欲迁","登岩抱石官职迁"
"missing","梦见失冠","失去冠帽去退职","失去官帽主退职","冠带衣服鞋袜","0.493","簪冠登台职位迁","天晴雨散百忧去"
"missing","梦见失冠","冠落于地，宜慎其位","升山落地主失位","地理山石树木","0.158","地动主迁官位吉","簪冠登台职位迁"
"missing","梦见红衣","众人著绯大吉利","众人着红大吉利","冠带衣服鞋袜","0.590","与人吃蜜大吉利","杀猪者大吉利"
"missing","梦见红衣","红衣加身，主威仪有加","雪不沾身主孝服","天地日月星辰","0.176","羽益盖身主富贵","井中有鱼身主贵"
"approx","梦见白衣","著白衣主有人请","着白衣主有人请","冠带衣服鞋袜","0.873","玉石器主有人助","自身白衣人所谋"
"missing","梦见白衣","众人著白主官事，宜分情境","众人着白主官事","冠带衣服鞋袜","0.519","蛇黄白主有官事","身被罗网主官事"
"approx","梦见黑衣","著黄衣皂衣皆吉","着黄衣皂衣皆吉","冠带衣服鞋袜","0.873","裁衣着孝衣皆吉","一切贵人皆吉利"
"missing","梦见黑衣","皂衣加身，主守正得名","屎尿污身主得财","污垢沐浴凌辱","0.223","着黄衣皂衣皆吉","雪不沾身主孝服"
"missing","梦见青衣","著青衣神人助力","着青衣神有助力","冠带衣服鞋袜","0.620","乞得鞋履人助力","玉石器主有人助"
"missing","梦见青衣","著蓝绣衣妻大利，主受人扶助","着蓝绣衣妻大利","冠带衣服鞋袜","0.551","露体无衣吉大利","抱旌节主贵人扶"
"approx","梦见黄衣","著黄衣皂衣皆吉","着黄衣皂衣皆吉","冠带衣服鞋袜","0.873","裁衣着孝衣皆吉","一切贵人皆吉利"
"missing","梦见黄衣","黄衣加身，主德泽广被","着黄衣皂衣皆吉","冠带衣服鞋袜","0.206","雪不沾身主孝服","羽益盖身主富贵"
"approx","梦见绣衣","著锦绣衣子孙荣","着锦绣衣子孙荣","冠带衣服鞋袜","0.873","着蓝绣衣妻大利","枯木再发子孙兴"
"missing","梦见绣衣","锦袍加身，主家业兴隆","雪不沾身主孝服","天地日月星辰","0.176","羽益盖身主富贵","井中有鱼身主贵"
"exact","梦见破衣","衣服忽破妻外心","衣服忽破妻外心","冠带衣服鞋袜","1.000","蛇随人去妻外心","失却衣服妻难产"
"missing","梦见破衣","新衣攒米百事凶，宜慎自省","新衣攒来百事凶","冠带衣服鞋袜","0.519","仓库崩坏百事凶","衣带自解百事吉"
"approx","梦见新衣","著新袍主添妻妾","着新袍主添妻妾","冠带衣服鞋袜","0.873","匙主益妻妾子孙","星列行主添奴婢"
"missing","梦见新衣","新衣加身，主家室更新","新衣攒来百事凶","冠带衣服鞋袜","0.206","雪不沾身主孝服","羽益盖身主富贵"
"approx","梦见女着官服","女著冠带主生子","女着冠带主生子","冠带衣服鞋袜","0.807","门吊他人主生子","星入怀主生贵子"
"missing","梦见女着官服","妻著夫衣生贵子，主子嗣有望","妻着夫衣生贵子","冠带衣服鞋袜","0.483","妻着锦衣生贵子","食瓜子主生贵子"
"exact","梦见解带","衣带自解百事吉","衣带自解百事吉","冠带衣服鞋袜","1.000","身人土中百事吉","冢基门开百事吉"
"missing","梦见解带","解带松身，主旧愁渐释","雪不沾身主孝服","天地日月星辰","0.176","羽益盖身主富贵","井中有鱼身主贵"
"exact","梦见新鞋","得靴鞋主奴婢吉","得靴鞋主奴婢吉","冠带衣服鞋袜","1.000","的履主奴婢逃走","星列行主添奴婢"
"missing","梦见新鞋","新鞋当道，主出行有助","自种田禾主出行","田园五谷耕种","0.306","着青衣神有助力","拔刀出行大吉利"
"exact","梦见破鞋","鞋破子孙妻妾病","鞋破子孙妻妾病","冠带衣服鞋袜","1.000","匙主益妻妾子孙","枯木再发子孙兴"
"missing","梦见破鞋","破鞋当步，宜慎家事之劳","雪落家庭主丧事","天地日月星辰","0.084","家中生松事转丰","着麻鞋百事和合"
"approx","梦见失履","失履主奴婢逃走","的履主奴婢逃走","冠带衣服鞋袜","0.843","得靴鞋主奴婢吉","星列行主添奴婢"
"missing","梦见失履","失鞋者，宜慎家中之失","家中生松事转丰","地理山石树木","0.176","家中生柏大吉利","家中分财主离散"
"approx","梦见草鞋","著麻鞋百事和合","着麻鞋百事和合","冠带衣服鞋袜","0.873","霞满天百事欢悦","身人土中百事吉"
"missing","梦见草鞋","草鞋朴素，主合作有成","着麻鞋百事和合","冠带衣服鞋袜","0.123","渡天河主有所吉","日月合会妻有子"
"exact","梦见脱鞋","脱靴束带主有凶","脱靴束带主有凶","冠带衣服鞋袜","1.000","见军兵败主有凶","身卧船中主有凶"
"missing","梦见脱鞋","脱鞋安坐，宜慎仪容之失","脱靴束带主有凶","冠带衣服鞋袜","0.072","盘石安稳无忧疑","升山落地主失位"
"missing","梦见赤足","赤身入市，或主坦荡","夫妇入市主置产","道路桥梁集市","0.247","妇人赤身主大吉","赶贼入市不出凶"
"missing","梦见赤足","赤足而行，宜慎远行之劳","金钗动有远行事","镜环钗钏梳蓖","0.161","备马者生远行事","远行出入命通达"
"exact","梦见戴镜","将镜自照远信至","将镜自照远信至","镜环钗钏梳蓖","1.000","风如吼主远信至","穿并见水远信至"
"missing","梦见戴镜","戴镜得物，主见识开阔","得铜物主大富贵","金银珠玉绢帛","0.223","剪刀剪物主得财","屋在井中主见病"
"exact","梦见戴印","带印主妻生贵子","带印主妻生贵子","冠带衣服鞋袜","1.000","星入怀主生贵子","妻着夫衣生贵子"
"exact","梦见戴印","佩印公爵，主大吉","佩印公爵主大吉","文书笔墨兵器","1.000","五色云主大吉昌","卧于石上主大吉"
"exact","梦见沐浴贵客","沐浴迁官疾病除","沐浴迁官疾病除","身体面目齿发","1.000","沐浴尘土疾病安","洗头迁居疾病除"
"missing","梦见沐浴贵客","与贵客同浴，主有人提携","着白衣主有人请","冠带衣服鞋袜","0.281","玉石器主有人助","白鼠引路人提携"
"exact","梦见照镜","照镜明吉，暗者凶","照镜明吉暗者凶","身体面目齿发","1.000","镜明者吉暗者凶","冢墓上明吉暗凶"
"missing","梦见照镜","镜中之相，宜以镇定析之","自炊日中妻妾之","门户井灶橱厕","0.084","照镜明吉暗者凶","地中黑气上主凶"
"missing","梦见吃东西","饮食丰盛，主家有余庆","山中农稼衣食丰","地理山石树木","0.176","五谷茂盛主得财","人家有水见子亡"
"missing","梦见吃东西","与人共食，主和合之象","与人共衣妾私情","冠带衣服鞋袜","0.306","与人分花主分散","与人公服主得职"
"missing","梦见呕吐","梦中呕吐，主散去忧事","呕吐者病人出痊","饮食酒肉瓜果","0.206","鸳鸯散去夫妻凶","家中分财主离散"
"missing","梦见呕吐","病中吐出秽物，主疾病将愈","旗幡竞出主疾病","刀剑旌节钟鼓","0.298","风吹人衣主疾病","地裂主疾病大凶"
"missing","梦见飞翔","身飞举者，贵人助，禄位至","得人刀斧禄位至","刀剑旌节钟鼓","0.323","井中照身禄位至","被人疾罚禄位至"
"missing","梦见飞翔","女人梦飞，主有喜","女人拔刀主有子","刀剑旌节钟鼓","0.433","抱妇人主有喜事","自疾病者主有喜"
"missing","梦见被追逐","见人追而不及者，主虚惊","见笋者主添子孙","地理山石树木","0.203","人与秤者主权位","人送帚者主得位"
"missing","梦见被追逐","被追入宅者，主客至","腰带者主官至吉","冠带衣服鞋袜","0.247","军人入宅主大吉","瓷碗者主酒食至"
"missing","梦见结婚","见人嫁娶，主有喜庆","抱妇人主有喜事","夫妻产孕交欢","0.388","自疾病者主有喜","女人拔刀主有子"
"missing","梦见结婚","自成婚者，主迁改之事","剪刀主分财之事","刀剑旌节钟鼓","0.223","手帕者主口舌事","锯主有断决之事"
"missing","梦见坠落","堕高而下，主失意","升山落地主失位","地理山石树木","0.217","持刀刺人主失利","典卖田舍主失位"
"missing","梦见坠落","落井得出，主化险为夷","井中伏泥出主财","门户井灶橱厕","0.223","身上汗出主凶恶","旗幡竞出主疾病"
"missing","梦见赛跑","奔走如飞，主近日事多","鼠大走主有善事","龙蛇禽兽等类","0.140","日出有光有好事","云开日出凶事散"
"missing","梦见赛跑","赛跑得先，主争竞可胜","头生两角有争竞","身体面目齿发","0.176","得靴鞋主奴婢吉","得人刀主行人至"
"missing","梦见争吵","与人争辩，主近有口舌是非","与人饮酒有口舌","饮食酒肉瓜果","0.408","与人扣板有口舌","与恶人言有口舌"
"missing","梦见争吵","梦吵而止，事多可解","日出有光有好事","天地日月星辰","0.052","云开日出凶事散","星落有病及官事"
"missing","梦见打架","与人相搏，主烦心忧事","与人相骂者主吉","杀害斗伤打骂","0.352","与人相砍大吉庆","与人分花主分散"
"missing","梦见打架","打斗得胜，主事可平息","霜雪降主事不成","天地日月星辰","0.176","雀相争斗有官事","雪落家庭主丧事"
"missing","梦见舞蹈","梦见歌舞，近有喜事","见歌舞者口舌至","哀乐病死歌唱","0.366","居住高山有喜事","抱妇人主有喜事"
"missing","梦见舞蹈","独自起舞，主心有所欲，未有共鸣","渡天河主有所吉","天地日月星辰","0.161","自疾病者主有喜","天门未至有兵荒"
"missing","梦见唱歌","高声吟唱，主心事舒畅","病人歌唱主大凶","哀乐病死歌唱","0.206","牛触人心事不成","霜雪降主事不成"
"missing","梦见唱歌","众人同歌，主和合之象","众人着白主官事","冠带衣服鞋袜","0.223","与人同船主移居","众人着青家人散"
"missing","梦见吃饭","与人共饭，主得人助","与人公服主得职","冠带衣服鞋袜","0.388","与人共衣妾私情","与人分花主分散"
"missing","梦见吃饭","宴席丰美，主近有喜事","抱妇人主有喜事","夫妻产孕交欢","0.352","居住高山有喜事","居田宅主妻喜事"
"exact","梦见喝酒醉","饮酒至醉主疾病","饮酒至醉主疾病","饮食酒肉瓜果","1.000","风吹人衣主疾病","地裂主疾病大凶"
"missing","梦见喝酒醉","醉酒失态，宜慎口舌之失","箱器生口舌之事","金银珠玉绢帛","0.281","与人饮酒有口舌","与恶人言有口舌"
"approx","梦见喝水","食水者主得大利","食水者主很大利","饮食酒肉瓜果","0.777","鼎鼐者主得大财","釜溢者主得大财"
"missing","梦见喝水","饮水解渴，主旧愿可达","饮水不休得大财","水火盗贼灯烛","0.206","食水者主很大利","桶盛水者主大吉"
"approx","梦见吃肉","食牛肉于堂上吉","食羊肉于堂上吉","饮食酒肉瓜果","0.747","堂上神佛大吉利","堂上地陷主安忧"
"approx","梦见吃肉","食生肉凶熟肉吉，宜分情境","食生肉凶熟肉吉","饮食酒肉瓜果","0.922","食羊肉于堂上吉","食鸡鸭等肉皆吉"
"exact","梦见吃饼","食饼食饭心不遂","食饼食饭心不遂","饮食酒肉瓜果","1.000","车不行所求不遂","食柿食柑主疾病"
"missing","梦见吃饼","食饼少味，宜安心待时","食饼食饭心不遂","饮食酒肉瓜果","0.253","黑云压地时气病","雪下及时大吉利"
"exact","梦见吃瓜","食烂瓜主生疾病","食烂瓜主生疾病","饮食酒肉瓜果","1.000","火从地生疾病至","食瓜子主生贵子"
"approx","梦见吃瓜","食瓜子主生贵子，分情境而断","食瓜子主生贵子","饮食酒肉瓜果","0.943","食枣者主生贵子","食桑甚主生贵子"
"exact","梦见吃枣","食枣者主生贵子","食枣者主生贵子","饮食酒肉瓜果","1.000","食瓜子主生贵子","食桑甚主生贵子"
"missing","梦见吃枣","食枣甘心，主家室喜事","食枣者主生贵子","饮食酒肉瓜果","0.253","居田宅主妻喜事","抱妇人主有喜事"
"approx","梦见吃桑椹","食桑椹主生贵子","食桑甚主生贵子","饮食酒肉瓜果","0.747","食瓜子主生贵子","食枣者主生贵子"
"missing","梦见吃桑椹","得果在口，主子嗣有望","面生疮黑主子凶","身体面目齿发","0.176","手指折者主子病","渡天河主有所吉"
"missing","梦见吃菜","食一切菜者凶至","食一初果者凶至","饮食酒肉瓜果","0.590","食菜黄主凶事至","照镜明吉暗者凶"
"missing","梦见吃菜","食菜见菜黄主凶，宜慎饮食之节","食菜黄主凶事至","饮食酒肉瓜果","0.449","见市中无人主凶","见嫁聚及孝主凶"
"approx","梦见吃葱韭","食葱韭主有争鬥","食葱韭主有争斗","饮食酒肉瓜果","0.873","食大肉主有争讼","食栗者主有分别"
"missing","梦见吃葱韭","葱韭辛辣，宜慎口舌之争","箱器生口舌之事","金银珠玉绢帛","0.281","食葱韭主有争斗","与恶人言有口舌"
"exact","梦见吃饭碗空","食饼食饭心不遂","食饼食饭心不遂","饮食酒肉瓜果","1.000","车不行所求不遂","食柿食柑主疾病"
"missing","梦见吃饭碗空","碗空食尽，宜节俭以待","瓷碗者主酒食至","床帐毡祷匙筋","0.093","行路逢雨有酒食","山中农稼衣食丰"
"exact","梦见请客","人请饮酒主长命","人请饮酒主长命","饮食酒肉瓜果","1.000","头白主长命大吉","头须再生主长命"
"approx","梦见请客","与人吃会，主富贵至","与人吃会富贵至","饮食酒肉瓜果","0.814","与人吃乳尊亲至","身被霹雳主富贵"
"approx","梦见赴宴","筵会客人家欲破","宴会客人家欲破","饮食酒肉瓜果","0.873","扫地除粪家欲破","尾中生草家欲空"
"missing","梦见赴宴","赴宴而疏，宜守家事之实","宴会客人家欲破","饮食酒肉瓜果","0.114","雪落家庭主丧事","家中生松事转丰"
"missing","梦见呕吐","嘔吐者病人主瘥","呕吐者病人出痊","饮食酒肉瓜果","0.560","病人乘船必主死","病人上车主大凶"
"missing","梦见呕吐","呕出秽物，主旧愁渐消","剪刀剪物主得财","刀剑旌节钟鼓","0.176","见铁器物主得财","得铜物主大富贵"
"approx","梦见种田","种田广大有禄位","种田宽大有禄位","田园五谷耕种","0.777","见种田者禄位至","白猿主有禄位得"
"approx","梦见种田","自种田禾，主出行得利","自种田禾主出行","田园五谷耕种","0.974","拔刀出行大吉利","人送大桶主得利"
"exact","梦见耕地","教人耕种远行至","教人耕种远行至","田园五谷耕种","1.000","空野无人主远行","已射人必主远行"
"missing","梦见耕地","耕地广开，主家业兴旺","火烧自是主兴旺","水火盗贼灯烛","0.223","门户忽开主大吉","门户裂开主大吉"
"approx","梦见割禾","割收田禾家居安","割收田禾家已安","田园五谷耕种","0.747","自种田禾主出行","家起高楼安稳事"
"missing","梦见割禾","秋收时节，主丰衣足食","抱旌节主贵人扶","刀剑旌节钟鼓","0.176","阴雨晦时主囚事","山中农稼衣食丰"
"exact","梦见五谷丰登","五谷茂盛主得财","五谷茂盛主得财","田园五谷耕种","1.000","果林中行主得财","剪刀剪物主得财"
"missing","梦见五谷丰登","穀穗齊秀，主大吉利","造旌盖主大吉利","刀剑旌节钟鼓","0.478","孔雀者主大吉利","谷穗齐秀大吉利"
"exact","梦见买田","买人田宅主进职","买人田宅主进职","田园五谷耕种","1.000","居田宅主妻喜事","军人入宅主大吉"
"missing","梦见买田","置地于乡，主家业渐厚","强贼入宅主家破","水火盗贼灯烛","0.176","厕中干者主家破","雷从地震主志遂"
"exact","梦见五谷散落","米谷堆吉散主凶","米谷堆吉散主凶","田园五谷耕种","1.000","得米谷者主大吉","地中黑气上主凶"
"missing","梦见五谷散落","五谷散落，宜慎小节之失","五谷茂盛主得财","田园五谷耕种","0.161","升山落地主失位","米谷堆吉散主凶"
"missing","梦见米堆","得禾穀者主大吉","得米谷者主大吉","田园五谷耕种","0.620","面对官者主大吉","桶盛水者主大吉"
"missing","梦见米堆","米堆于仓，主家有余庆","人家有水见子亡","水火盗贼灯烛","0.176","强贼入宅主家破","厕中干者主家破"
"approx","梦见麦麸","麵糠相交家欲儉","麸糠相交家欲检","田园五谷耕种","0.717","扫地除粪家欲破","尾中生草家欲空"
"missing","梦见麦麸","麦糠纷飞，宜慎家中节流","家中生松事转丰","地理山石树木","0.161","家中生柏大吉利","家中分财主离散"
"approx","梦见拾米","手中把穀主福禄","手中把谷主福禄","田园五谷耕种","0.777","山行得财有福禄","钟鼓大鸣福禄至"
"missing","梦见拾米","得禾穀者大吉，主财富积聚","杀猪者大吉利","杀害斗伤打骂","0.269","种树木者大吉昌","冢墓高者大吉利"
"exact","梦见种菜","种菜主长命大吉","种菜主长命大吉","田园五谷耕种","1.000","头白主长命大吉","绳索主长命大吉"
"missing","梦见种菜","菜园勤打理，主家室和睦","强贼入宅主家破","水火盗贼灯烛","0.161","厕中干者主家破","种菜主长命大吉"
"approx","梦见树苗萌芽","萌芽者主恶事连","葫芦者主恶事连","田园五谷耕种","0.687","手帕者主口舌事","裆盏被主有恶事"
"missing","梦见树苗萌芽","嫩芽初露，宜慎事之兆头","露头披发阴人谋","身体面目齿发","0.084","日月初出家道昌","日初出无云大吉"
"exact","梦见麻丛","麻生如林大吉利","麻生如林大吉利","田园五谷耕种","1.000","园林茂盛大吉利","家中生柏大吉利"
"missing","梦见麻丛","麻丛繁茂，主家室富足","麻丛身者主病至","田园五谷耕种","0.253","强贼入宅主家破","厕中干者主家破"
"missing","梦见行路","见四路通名利遂","见四通路名利遂","道路桥梁集市","0.650","登大树名利显扬","把火行路不通达"
"approx","梦见行路","道中得财，主通达顺意","道中得财主通达","道路桥梁集市","0.944","在官厨中得财禄","封书信者主通达"
"approx","梦见过市","夫妻入市主置产","夫妇入市主置产","道路桥梁集市","0.747","银钗夫妻主相殴","夫妻分钗主离别"
"missing","梦见过市","过市观人，主有缘相遇","抱妇人主有喜事","夫妻产孕交欢","0.306","女人拔刀主有子","与人交易主有疾"
"exact","梦见赶集","见市中无人主凶","见市中无人主凶","道路桥梁集市","1.000","屋宅无人主死亡","空野无人主远行"
"missing","梦见赶集","集市纷扰，宜慎钱财之耗","粪土堆者钱财聚","地理山石树木","0.161","剪刀主分财之事","山行得财有福禄"
"missing","梦见买货","获物入手主大吉","入王侯府主大吉","宫室屋宇仓库","0.433","军人入宅主大吉","执火入船主大吉"
"missing","梦见买货","买货有利，主小有所得","渡天河主有所吉","天地日月星辰","0.223","鹤上天主小口灾","抢鱼拾鱼主小疾"
"exact","梦见卖货","与人交易主有疾","与人交易主有疾","帝王文武呼召","1.000","与妇人交有邪崇","就人卜易主疾病"
"missing","梦见卖货","卖货得财，宜慎契约之约","山行得财有福禄","地理山石树木","0.161","担水来家得财喜","砍伐大树多得财"
"approx","梦见做生意","入仓库中大吉昂","入仓库中大吉昌","宫室屋宇仓库","0.843","盆主益仓库大吉","身在禾中大吉利"
"missing","梦见做生意","与友合作，主财源不绝","井中伏泥出主财","门户井灶橱厕","0.176","掇盆脱底主财散","他人起笔主财进"
"exact","梦见被驱赶","与人交易主有疾","与人交易主有疾","帝王文武呼召","1.000","与妇人交有邪崇","就人卜易主疾病"
"missing","梦见被驱赶","被驱出门，宜慎家事之执","牛出门好事立至","牛马猪羊六畜","0.203","城中行凶出门吉","床帐出门者妻亡"
"missing","梦见睡觉","梦中酣睡，主心神安稳","乘船见航主安稳","船车游行物价","0.223","盘石安稳无忧疑","家起高楼安稳事"
"missing","梦见睡觉","睡而惊醒，近有所忧","渡天河主有所吉","天地日月星辰","0.194","天裂有分主国忧","桑生井上主有忧"
"missing","梦见早起","鸡鸣于晓主官事顺遂","众人着白主官事","冠带衣服鞋袜","0.306","身被罗网主官事","车行主百事顺利"
"missing","梦见早起","早起出门，主事可顺成","霜雪降主事不成","天地日月星辰","0.223","天火烧门主凶事","车入门主有凶事"
"exact","梦见困倦","身上汗出主凶恶","身上汗出主凶恶","身体面目齿发","1.000","大木忽折主凶恶","绳索断者主凶恶"
"missing","梦见困倦","困倦不堪，宜慎养生作息","门前生洲作刺史","门户井灶橱厕","0.084","刷牙者病患不生","天明妇有生贵子"
"exact","梦见做工","修理田舍有大喜","修理田舍有大喜","宫室屋宇仓库","1.000","鸡抱卵主有大喜","天公使有大吉祥"
"missing","梦见做工","劳作有成，主自食其力","天裂有分主国忧","天地日月星辰","0.093","见浮云作事不成","行路逢雨有酒食"
"approx","梦见祭灶","修造厨灶大吉利","修造炊灶大吉利","门户井灶橱厕","0.747","造旌盖主大吉利","修移门户大吉利"
"missing","梦见祭灶","祭灶诚心，主家室平安","强贼入宅主家破","水火盗贼灯烛","0.176","厕中干者主家破","堂上地陷主安忧"
"missing","梦见缝衣","裁衣著孛衣皆吉","裁衣着孝衣皆吉","冠带衣服鞋袜","0.620","着黄衣皂衣皆吉","一切贵人皆吉利"
"missing","梦见缝衣","缝衣裁剪，主家室和合","着麻鞋百事和合","冠带衣服鞋袜","0.176","新造桥者大和合","强贼入宅主家破"
"exact","梦见纺织","纺绩者主寿命长","纺绩者主寿命长","金银珠玉绢帛","1.000","石为门户主寿命","与鬼斗者主延寿"
"missing","梦见纺织","织布有功，主家业绵长","强贼入宅主家破","水火盗贼灯烛","0.176","厕中干者主家破","纺绩者主寿命长"
"missing","梦见读书","读书明义，主学问大进","读书文写字大吉","文书笔墨兵器","0.253","见读书者主聪明","观人读书生贵子"
"missing","梦见读书","诵经而悟，近有师教","憎师教人念经吉","佛道僧尼鬼神","0.194","有人教书大富贵","天明妇有生贵子"
"missing","梦见旅行","出行远方，主有所得","渡天河主有所吉","天地日月星辰","0.336","白猿主有禄位得","见鳖者主有得财"
"missing","梦见旅行","归途顺遂，主事业可成","霜雪降主事不成","天地日月星辰","0.223","见浮云作事不成","雪落身上万事成"
"missing","梦见鬼","鬼入宅，主忧事","军人入宅主大吉","宫室屋宇仓库","0.391","枷锁入宅主大凶","强贼入宅主家破"
"missing","梦见鬼","见鬼而不惧，反得吉","来见贵人不得凶","帝王文武呼召","0.158","见浮云作事不成","赤虹见吉黑虹凶"
"missing","梦见鬼","鬼怒逐人，主病","女人相打主病至","杀害斗伤打骂","0.285","地高下不平主病","破镜照人主分散"
"missing","梦见女鬼","被神鬼打大不祥","被鬼神打大不祥","佛道僧尼鬼神","0.650","笏破忧凶主不祥","床上有蚁主不祥"
"missing","梦见女鬼","女鬼现身，宜静守不应","被鬼神打大不祥","佛道僧尼鬼神","0.093","天光灼身疾病除","上天求妻儿女贵"
"missing","梦见冤鬼","被神鬼打大不祥","被鬼神打大不祥","佛道僧尼鬼神","0.650","笏破忧凶主不祥","床上有蚁主不祥"
"missing","梦见冤鬼","冤鬼缠身，宜以善行化怨","身上虫行病患安","身体面目齿发","0.084","身受戒行者子孝","天光灼身疾病除"
"missing","梦见鬼追","鬼怒逐人主病","女人相打主病至","杀害斗伤打骂","0.285","地高下不平主病","破镜照人主分散"
"missing","梦见鬼追","鬼追不及，主虚惊一场","流星不落主移居","天地日月星辰","0.093","雪不沾身主孝服","地高下不平主病"
"missing","梦见鬼笑","见鬼而不惧反得吉","来见贵人不得凶","帝王文武呼召","0.158","见浮云作事不成","赤虹见吉黑虹凶"
"missing","梦见鬼笑","鬼笑无声，宜慎是非之言","船浅在岸是非厄","船车游行物价","0.161","日初出无云大吉","雷霆作声官位至"
"exact","梦见与鬼斗","与鬼斗者主延寿","与鬼斗者主延寿","佛道僧尼鬼神","1.000","铅与锡者主得财","纺绩者主寿命长"
"missing","梦见与鬼斗","持心驱邪，主病不侵","地高下不平主病","地理山石树木","0.194","迁移尼寺主病至","女人相打主病至"
"missing","梦见与鬼言","与鬼对语而不惧，主有所悟","渡天河主有所吉","天地日月星辰","0.260","与人交易主有疾","与鬼斗者主延寿"
"missing","梦见与鬼言","与鬼言以得物，主进财","剪刀剪物主得财","刀剑旌节钟鼓","0.223","见铁器物主得财","得铜物主大富贵"
"exact","梦见祭鬼","祭祀神道大吉利","祭祀神道大吉利","佛道僧尼鬼神","1.000","家道贫穷大吉利","道施盖者大吉利"
"missing","梦见祭鬼","祭鬼诚心，主家室无患","强贼入宅主家破","水火盗贼灯烛","0.176","厕中干者主家破","与人衣服主患至"
"exact","梦见送鬼","罪人走脱疾病去","罪人走脱疾病去","扑禁刑罚狱具","1.000","还人钱物疾病去","镶铅器物疾病去"
"missing","梦见送鬼","送鬼而出，主忧事将散","身上汗出主凶恶","身体面目齿发","0.176","旗幡竞出主疾病","井中伏泥出主财"
"missing","梦见驱鬼","持物驱鬼，主有所镇","渡天河主有所吉","天地日月星辰","0.336","桑生井上主有忧","着白衣主有人请"
"missing","梦见驱鬼","鬼惧退而去，主忧事将散","新冢棺郭主忧除","冢墓馆郭迎送","0.161","天裂有分主国忧","云开日出凶事散"
"missing","梦见妖怪","见妖而惧，主心有所畏","渡天河主有所吉","天地日月星辰","0.223","见军兵败主有凶","见手帕主有口舌"
"missing","梦见妖怪","持物镇妖，主可解忧","天裂有分主国忧","天地日月星辰","0.105","堂上地陷主安忧","桑生井上主有忧"
"missing","梦见神仙","神赐物者，主贵气至","腰带者主官至吉","冠带衣服鞋袜","0.247","拜朝廷者主富贵","金银宝者主富贵"
"missing","梦见神仙","与神言，主得福","与人公服主得职","冠带衣服鞋袜","0.285","铅与锡者主得财","与神女通得贵子"
"exact","梦见仙女","与神女通得贵子","与神女通得贵子","佛道僧尼鬼神","1.000","得金玉环生贵子","得他人镜有贵子"
"missing","梦见仙女","见仙女赐物，主家室添福","行道宫见仙主吉","宫室屋宇仓库","0.203","见铁器物主得财","剪刀剪物主得财"
"missing","梦见仙翁","见老君言有仙分","老君真人皆主吉","佛道僧尼鬼神","0.247","与恶人言有口舌","佛共人言有福助"
"missing","梦见仙翁","得仙翁教，主增寿延年","得靴鞋主奴婢吉","冠带衣服鞋袜","0.093","得人刀主行人至","行道宫见仙主吉"
"exact","梦见入仙境","仙圣到家福禄至","仙圣到家福禄至","佛道僧尼鬼神","1.000","钟鼓大鸣福禄至","超盖仓库福禄至"
"missing","梦见入仙境","入仙境而留，主心境澄澈","星入怀主生贵子","天地日月星辰","0.084","运石入家主富贵","旌旗引入山主凶"
"missing","梦见佛像","拜佛者，主吉事至","捉龟者主丧事至","龟鳖鱼虾昆虫","0.433","与人相骂者主吉","面对官者主大吉"
"missing","梦见佛像","佛放光明，主大贵","乘龙上天主大贵","天地日月星辰","0.373","掏井造井主大贵","拷讯杖责主大贵"
"exact","梦见弥勒佛","诸佛菩萨大吉利","诸佛菩萨大吉利","佛道僧尼鬼神","1.000","堂上神佛大吉利","杀猪者大吉利"
"missing","梦见弥勒佛","弥勒含笑，主家室喜事","居田宅主妻喜事","宫室屋宇仓库","0.223","抱妇人主有喜事","子死者主添喜事"
"exact","梦见菩萨","诸佛菩萨大吉利","诸佛菩萨大吉利","佛道僧尼鬼神","1.000","堂上神佛大吉利","杀猪者大吉利"
"missing","梦见菩萨","菩萨现身，主灾厄可化","诸佛菩萨大吉利","佛道僧尼鬼神","0.206","雪不沾身主孝服","羽益盖身主富贵"
"exact","梦见罗汉","诸佛菩萨大吉利","诸佛菩萨大吉利","佛道僧尼鬼神","1.000","堂上神佛大吉利","杀猪者大吉利"
"missing","梦见罗汉","罗汉显灵，主得人扶助","抱旌节主贵人扶","刀剑旌节钟鼓","0.223","果林中行主得财","与人公服主得职"
"missing","梦见和尚","见僧入宅，主有贵客","野鸭入宅主有凶","龙蛇禽兽等类","0.478","军人入宅主大吉","枷锁入宅主大凶"
"missing","梦见和尚","与僧谈法，主心有所悟","渡天河主有所吉","天地日月星辰","0.223","与人交易主有疾","与尼姑交主失财"
"exact","梦见烧香","烧香礼拜皆大吉","烧香礼拜皆大吉","佛道僧尼鬼神","1.000","拜星月烧香大吉","礼拜日月大吉昌"
"missing","梦见烧香","上香诚心，主家室平安","强贼入宅主家破","水火盗贼灯烛","0.176","厕中干者主家破","堂上地陷主安忧"
"missing","梦见拜佛","拜佛欲动大有财","带刀剑行有财利","刀剑旌节钟鼓","0.217","天子赐坐有财吉","入神庙神动大吉"
"missing","梦见拜佛","礼佛诚心，主前程有得","见鳖者主有得财","龟鳖鱼虾昆虫","0.223","白猿主有禄位得","渡天河主有所吉"
"approx","梦见念经","僧师教人念经吉","憎师教人念经吉","佛道僧尼鬼神","0.873","教人耕种远行至","身人土中百事吉"
"missing","梦见念经","持经诵心，主得心安","果林中行主得财","地理山石树木","0.194","与人公服主得职","剪刀剪物主得财"
"exact","梦见受戒","身受戒行者子孝","身受戒行者子孝","佛道僧尼鬼神","1.000","桥柱折者子孙凶","水上行者主大吉"
"missing","梦见受戒","受戒洁身，主家室和顺","身受戒行者子孝","佛道僧尼鬼神","0.206","雪不沾身主孝服","羽益盖身主富贵"
"exact","梦见入庙","神庙广大事事吉","神庙广大事事吉","宫室屋宇仓库","1.000","入神庙神动大吉","身人土中百事吉"
"missing","梦见入庙","入庙礼神，主诚愿可达","入神庙神动大吉","佛道僧尼鬼神","0.140","星入怀主生贵子","运石入家主富贵"
"missing","梦见见仙人","见老君言有仙分","与恶人言有口舌","帝王文武呼召","0.217","老君真人皆主吉","佛共人言有福助"
"missing","梦见见仙人","遇仙人指路，主前程开朗","风吹人衣主疾病","天地日月星辰","0.084","与人分花主分散","破镜照人主分散"
"approx","梦见画神像","画神佛者得人欽","画神佛者得人钦","佛道僧尼鬼神","0.873","看神佛者妻有子","得人刀主行人至"
"missing","梦见画神像","画像精工，主名声渐起","文书用印有名声","冠带衣服鞋袜","0.176","他人与笛有名声","打球者主得虚名"
"missing","梦见拜神","虔心祭神，主诚愿可达","祭祀神道大吉利","佛道僧尼鬼神","0.123","道中得财主通达","封书信者主通达"
"missing","梦见拜神","神受其拜，主事业可成","霜雪降主事不成","天地日月星辰","0.223","见浮云作事不成","雪落身上万事成"
"missing","梦见祭祖","焚香祭祖，主家门有庆","与人哭泣有庆贺","哀乐病死歌唱","0.176","强贼入宅主家破","厕中干者主家破"
"missing","梦见祭祖","祖上受享，主家运兴旺","火烧自是主兴旺","水火盗贼灯烛","0.223","强贼入宅主家破","厕中干者主家破"
"missing","梦见房子","新宅华丽，主大吉","屋宅更新主大吉","宫室屋宇仓库","0.433","军人入宅主大吉","新生男女主大吉"
"missing","梦见房子","旧宅败坏，主家运不宁","门户败坏主大凶","门户井灶橱厕","0.306","强贼入宅主家破","见桥坏主有官事"
"exact","梦见屋宅更新","屋宅更新主大吉","屋宅更新主大吉","宫室屋宇仓库","1.000","军人入宅主大吉","新生男女主大吉"
"missing","梦见屋宅更新","新屋落成，主家运转好","强贼入宅主家破","水火盗贼灯烛","0.176","厕中干者主家破","屋宅更新主大吉"
"exact","梦见屋宅破败","上屋破坏家道凶","上屋破坏家道凶","宫室屋宇仓库","1.000","癸天上屋得高官","日月初出家道昌"
"missing","梦见屋宅破败","屋败墙裂，宜慎家事之衰","雪落家庭主丧事","天地日月星辰","0.084","家中生松事转丰","枫生屋上百事遂"
"approx","梦见屋顶生草","屋中生草家欲空","尾中生草家欲空","宫室屋宇仓库","0.843","屋中生马男信至","田中生草主得财"
"missing","梦见屋顶生草","屋顶生草，宜慎家事荒废","尾中生草家欲空","宫室屋宇仓库","0.203","田中生草主得财","雪落家庭主丧事"
"exact","梦见屋顶生树","屋上生松柏益寿","屋上生松柏益寿","宫室屋宇仓库","1.000","屋上生禾官位吉","天欲晓益寿命吉"
"missing","梦见屋顶生树","树生屋顶，主家中喜事","家中欢喜百事吉","哀乐病死歌唱","0.270","家中生松事转丰","枫生屋上百事遂"
"missing","梦见屋漏","屋上穿舟有暗昧","屋下穿身有暗昧","宫室屋宇仓库","0.493","松生屋上位三公","枫生屋上百事遂"
"missing","梦见屋漏","屋漏不修，宜慎家事之失","雪落家庭主丧事","天地日月星辰","0.084","家中生松事转丰","枫生屋上百事遂"
"exact","梦见盖屋","盖城上屋大吉利","盖城上屋大吉利","宫室屋宇仓库","1.000","造旌盖主大吉利","自盖覆身大吉利"
"missing","梦见盖屋","起新屋，主家中喜事","家中欢喜百事吉","哀乐病死歌唱","0.299","家中生松事转丰","居田宅主妻喜事"
"exact","梦见拆屋","破败田地主大吉","破败田地主大吉","田园五谷耕种","1.000","修平田地大吉昌","使人种田地大吉"
"missing","梦见拆屋","拆旧建新，主家事更新","屋宅更新主大吉","宫室屋宇仓库","0.259","门更新主生贵子","强贼入宅主家破"
"exact","梦见迁居","迁入他人新宅吉","迁入他人新宅吉","宫室屋宇仓库","1.000","飞娥入灯他人败","得他人麻布衣凶"
"missing","梦见迁居","移居改业，主前程更宽","流星不落主移居","天地日月星辰","0.206","床帐改换移居吉","碾衣石移居大吉"
"exact","梦见与人争屋","与人争屋主大凶","与人争屋主大凶","宫室屋宇仓库","1.000","与妇人争屋主吉","与人丝帛大凶恶"
"approx","梦见与人争屋","与妇人争屋主吉，宜分情境","与妇人争屋主吉","宫室屋宇仓库","0.952","与人争屋主大凶","与妇人共坐大吉"
"approx","梦见房梁折","房樑忽折主大凶","房梁忽折主大凶","宫室屋宇仓库","0.747","大木忽折主凶恶","与人争屋主大凶"
"missing","梦见房梁折","房梁开裂，宜慎家中之损","家中生松事转丰","地理山石树木","0.161","家中生柏大吉利","房梁忽折主大凶"
"approx","梦见入宫","入帝王宫行大吉","入帝王官行大吉","宫室屋宇仓库","0.747","拔刀出行大吉利","与贼同行大吉利"
"missing","梦见入宫","登宫殿，主名扬于上","登大树名利显扬","地理山石树木","0.158","卧于石上主大吉","行道宫见仙主吉"
"approx","梦见上楼","上楼阁坛主大吉","上楼阁坛俱大吉","宫室屋宇仓库","0.777","卧于石上主大吉","水上行者主大吉"
"missing","梦见上楼","登楼远望，主前程开朗","登赤城郭主大吉","宫室屋宇仓库","0.093","远人来悲泣主凶","上楼阁坛俱大吉"
"exact","梦见高堂","上高堂大富贵至","上高堂大富贵至","宫室屋宇仓库","1.000","高楼饮酒富贵至","仰面向天大富贵"
"missing","梦见高堂","高堂安坐，主家中尊贵","上高堂大富贵至","宫室屋宇仓库","0.253","家中生松事转丰","家中生柏大吉利"
"exact","梦见广厦","家起高楼安稳事","家起高楼安稳事","宫室屋宇仓库","1.000","盘石安稳无忧疑","高楼饮酒富贵至"
"missing","梦见广厦","广厦千间，主家业宏开","强贼入宅主家破","水火盗贼灯烛","0.176","厕中干者主家破","天门开贵人荐引"
"exact","梦见登台","簪冠登台职位迁","簪冠登台职位迁","冠带衣服鞋袜","1.000","戴冠登车官欲迁","登岩抱石官职迁"
"missing","梦见登台","登台远眺，主名扬于众","簪冠登台职位迁","冠带衣服鞋袜","0.206","登大树名利显扬","登赤城郭主大吉"
"exact","梦见登城","上城被执官职显","上城被执官职显","宫室屋宇仓库","1.000","上城为人所拽吉","日月欲出有官职"
"missing","梦见登城","登城远望，主名扬一方","登大树名利显扬","地理山石树木","0.140","登赤城郭主大吉","城门大开主口舌"
"approx","梦见入府","入王侯府库大吉","入王侯府主大吉","宫室屋宇仓库","0.777","王侯并坐大吉利","盆主益仓库大吉"
"missing","梦见入府","坐官府中，主有所成","坐官府中主大吉","宫室屋宇仓库","0.619","渡天河主有所吉","身卧船中主有凶"
"approx","梦见入仓库","入仓库中大吉昂","入仓库中大吉昌","宫室屋宇仓库","0.873","盆主益仓库大吉","身在禾中大吉利"
"missing","梦见入仓库","起盖仓库福禄至，主家室充实","超盖仓库福禄至","宫室屋宇仓库","0.551","钟鼓大鸣福禄至","兵马入城福禄至"
"missing","梦见城池","入城者，主有所成","渡天河主有所吉","天地日月星辰","0.373","赠彩帛者主有权","席箪者主有力助"
"missing","梦见城池","登城高望，主名显身扬","登大树名利显扬","地理山石树木","0.187","登赤城郭主大吉","地高下不平主病"
"missing","梦见楼阁","登楼远望，主喜事有成","居田宅主妻喜事","宫室屋宇仓库","0.223","抱妇人主有喜事","子死者主添喜事"
"missing","梦见楼阁","高楼巍峨，主名声渐起","高楼饮酒富贵至","宫室屋宇仓库","0.206","家起高楼安稳事","文书用印有名声"
"missing","梦见宫殿","入宫殿受礼，主得贵人扶持","抱旌节主贵人扶","刀剑旌节钟鼓","0.298","见好枕有贵人扶","身在火中贵人扶"
"missing","梦见宫殿","登殿受封，主事业大成","霜雪降主事不成","天地日月星辰","0.223","道泥荆棘事大成","登赤城郭主大吉"
"missing","梦见庙宇","入庙拜神，主心事可解","牛触人心事不成","牛马猪羊六畜","0.176","车入门主有凶事","入神庙神动大吉"
"missing","梦见庙宇","庙中问签，主有感应","身卧船中主有凶","船车游行物价","0.247","渡天河主有所吉","桑生井上主有忧"
"missing","梦见门","大门开启，主喜事临门","居田宅主妻喜事","宫室屋宇仓库","0.223","抱妇人主有喜事","冢基门开百事吉"
"missing","梦见门","门扉自关，主家事谨严","强贼入宅主家破","水火盗贼灯烛","0.176","厕中干者主家破","天火烧门主凶事"
"exact","梦见开门","门户大开大吉利","门户大开大吉利","门户井灶橱厕","1.000","修移门户大吉利","门户忽开主大吉"
"approx","梦见开门","门更新主生贵子，主家室喜事","门更新主生贵子","门户井灶橱厕","0.913","食瓜子主生贵子","星入怀主生贵子"
"approx","梦见关门","门户闭塞事不通","门户闭塞事不能","门户井灶橱厕","0.843","门户破碎有凶事","门前坑沟事不成"
"missing","梦见关门","关门避客，宜静守家事","雪落家庭主丧事","天地日月星辰","0.093","家中生松事转丰","家起高楼安稳事"
"approx","梦见门破","门户破坏主大凶","门户败坏主大凶","门户井灶橱厕","0.747","门户忽开主大吉","门户裂开主大吉"
"missing","梦见门破","门破不修，宜慎家事之失","门户破碎有凶事","门户井灶橱厕","0.126","雪落家庭主丧事","家中生松事转丰"
"exact","梦见两扇门","门扇自折奴仆走","门扇自折奴仆走","门户井灶橱厕","1.000","床脚新换奴仆凶","筋主益田宅奴仆"
"missing","梦见两扇门","两门皆开，宜慎家事之乱","冢基门开百事吉","冢墓馆郭迎送","0.126","天门开贵人荐引","云开日出凶事散"
"approx","梦见门前生草","门前生草作刺史","门前生洲作刺史","门户井灶橱厕","0.747","人与三刀作刺史","尾中生草家欲空"
"missing","梦见门前生草","草生门前，主家室名声远播","兰生庭前主添孙","地理山石树木","0.187","文书用印有名声","钟磐有声远人来"
"exact","梦见城门开","城门大开主口舌","城门大开主口舌","门户井灶橱厕","1.000","灶下器鸣主口舌","手帕者主口舌事"
"missing","梦见城门开","城门洞开，宜慎四方之言","城门大开主口舌","门户井灶橱厕","0.203","云起四方交易吉","天门开贵人荐引"
"exact","梦见小门","屋开小门主私情","屋开小门主私情","门户井灶橱厕","1.000","门自开妻有私情","妻有争主外私情"
"missing","梦见小门","小门入出，宜慎家事之私","屋开小门主私情","门户井灶橱厕","0.233","日月初出家道昌","日出有光有好事"
"missing","梦见窗户","开窗见日，主开阔有进","见军兵败主有凶","刀剑旌节钟鼓","0.140","开帐幔主有酒食","见手帕主有口舌"
"missing","梦见窗户","窗户自破，防小人是非","船浅在岸是非厄","船车游行物价","0.176","自身白衣人所谋","破镜照人主分散"
"missing","梦见墙壁","修葺墙垣，主家运稳固","强贼入宅主家破","水火盗贼灯烛","0.176","厕中干者主家破","家起高楼安稳事"
"missing","梦见墙壁","墙塌裂者，防家宅有变","天裂有分主国忧","天地日月星辰","0.093","折笋到家女有子","拜尊长者有吉庆"
"missing","梦见井","井水清澈，主家运兴旺","取井水清吉浑凶","门户井灶橱厕","0.306","火烧自是主兴旺","强贼入宅主家破"
"missing","梦见井","井水枯竭，主财源有阻","井中伏泥出主财","门户井灶橱厕","0.223","取井水清吉浑凶","掇盆脱底主财散"
"exact","梦见井水溢","井中沸溢主得财","井中沸溢主得财","门户井灶橱厕","1.000","果林中行主得财","船中有水主得财"
"missing","梦见井水溢","井水满溢，主财源广进","井中沸溢主得财","门户井灶橱厕","0.270","井中伏泥出主财","他人起笔主财进"
"exact","梦见井干","井枯涸者家财散","井枯涸者家财散","门户井灶橱厕","1.000","灶下炊者家破败","掇盆脱底主财散"
"missing","梦见井干","井干无水，宜慎财事之衰","桶无水者主大凶","床帐毡祷匙筋","0.161","井枯涸者家财散","担水来家得财喜"
"exact","梦见井中鱼","井中有鱼身主贵","井中有鱼身主贵","门户井灶橱厕","1.000","井内有鱼迁官至","羽益盖身主富贵"
"missing","梦见井中鱼","井鱼游动，主家中得财","在官厨中得财禄","门户井灶橱厕","0.306","道中得财主通达","井中沸溢主得财"
"approx","梦见取井水","取井水清吉混凶","取井水清吉浑凶","门户井灶橱厕","0.777","大水澄清大吉祥","云赤白吉青黑凶"
"missing","梦见取井水","打水入家，宜分清浊","运石入家主富贵","地理山石树木","0.194","取井水清吉浑凶","担水来家得财喜"
"exact","梦见井中照影","井中照身禄位至","井中照身禄位至","门户井灶橱厕","1.000","眉与发齐禄位至","新换衣冠禄位至"
"missing","梦见井中照影","井中现影，主前程有成","井中沸溢主得财","门户井灶橱厕","0.223","屋在井中主见病","井中伏泥出主财"
"exact","梦见灶火明","灶下燃火有声名","灶下燃火有声名","门户井灶橱厕","1.000","钟磐有声远人来","打鼓有声远有来"
"missing","梦见灶火明","灶火通明，主家室兴旺","火烧自是主兴旺","水火盗贼灯烛","0.270","天皇明主公卿至","强贼入宅主家破"
"exact","梦见灶破","灶釜破败有死亡","灶釜破败有死亡","门户井灶橱厕","1.000","灶下炊者家破败","狂风大雨人死亡"
"missing","梦见灶破","灶破不修，宜慎家事之衰","灶釜破败有死亡","门户井灶橱厕","0.114","雪落家庭主丧事","家中生松事转丰"
"approx","梦见入厨","修造厨灶大吉利","修造炊灶大吉利","门户井灶橱厕","0.747","造旌盖主大吉利","修移门户大吉利"
"missing","梦见入厨","入厨烹饪，主家和事顺","车行主百事顺利","船车游行物价","0.223","强贼入宅主家破","厕中干者主家破"
"missing","梦见厨房","厨中烹调，主家和事顺","车行主百事顺利","船车游行物价","0.223","厕中干者主家破","在官厨中得财禄"
"missing","梦见厨房","灶火通明，主财源可旺","天皇明主公卿至","天地日月星辰","0.176","井中伏泥出主财","掇盆脱底主财散"
"missing","梦见上厕","上厕在屎尿中吉","上厕在尿屎中吉","门户井灶橱厕","0.680","屎尿污人大吉亨","大树落叶屋中吉"
"missing","梦见上厕","厕中乾者主家破，宜分清洁","厕中干者主家破","污垢沐浴凌辱","0.519","强贼入宅主家破","灶下炊者家破败"
"exact","梦见入粪坑","落厕出吉不出凶","落厕出吉不出凶","污垢沐浴凌辱","1.000","自落水中不出凶","赶贼入市不出凶"
"missing","梦见入粪坑","入粪坑而出，主财运转好","井中伏泥出主财","门户井灶橱厕","0.281","身上汗出主凶恶","旗幡竞出主疾病"
"missing","梦见床","卧床安然，主心事平和","牛触人心事不成","牛马猪羊六畜","0.176","霜雪降主事不成","雪落家庭主丧事"
"missing","梦见床","床破裂者，主夫妻失和","破席者主失官位","床帐毡祷匙筋","0.270","镜破主夫妇离别","新帘者主得好妻"
"missing","梦见桥","人过桥上行，大吉","水上行者主大吉","水火盗贼灯烛","0.433","拔刀出行大吉利","入帝王官行大吉"
"missing","梦见桥","桥断折，主忧事","桥断者主有口舌","道路桥梁集市","0.285","大木忽折主凶恶","房梁忽折主大凶"
"exact","梦见过断桥","桥断者主有口舌","桥断者主有口舌","道路桥梁集市","1.000","铜裆主有口舌至","见手帕主有口舌"
"missing","梦见过断桥","过断桥而惊，宜慎言行之失","锯主有断决之事","床帐毡祷匙筋","0.076","同妇人行主失财","桥断者主有口舌"
"exact","梦见修桥","新造桥者大和合","新造桥者大和合","道路桥梁集市","1.000","杀猪者大吉利","种树木者大吉昌"
"missing","梦见修桥","修桥铺路，主积德深厚","修桥梁者万事和","道路桥梁集市","0.206","见流桥主有官事","见桥坏主有官事"
"approx","梦见桥上行","桥上坐主禄位至","桥上坐立禄位至","道路桥梁集市","0.747","驾鹞者主禄位至","几上有书禄位至"
"missing","梦见桥上行","桥上稳行，主前程顺达","车行主百事顺利","船车游行物价","0.223","星列行主添奴婢","果林中行主得财"
"missing","梦见道路","大道坦荡，百事顺遂","车行主百事顺利","船车游行物价","0.336","枫生屋上百事遂","大道崩馅主失财"
"missing","梦见道路","泥路难行，主阻滞","星列行主添奴婢","天地日月星辰","0.217","果林中行主得财","船飞行主大富贵"
"missing","梦见坟墓","新坟高大者，主得财","铅与锡者主得财","金银珠玉绢帛","0.478","放鹤者主得财吉","猫捕鼠者主得财"
"missing","梦见坟墓","棺木出门，大吉","使命入门大吉利","帝王文武呼召","0.391","墓中棺自出大吉","日初出无云大吉"
"missing","梦见坟墓","坟冢低陷，主忧","堂上地陷主安忧","地理山石树木","0.285","新冢棺郭主忧除","天裂有分主国忧"
"approx","梦见入墓","塚墓门开百事吉","冢基门开百事吉","冢墓馆郭迎送","0.687","身人土中百事吉","衣带自解百事吉"
"missing","梦见入墓","入墓出墓，主旧愁渐释","星入怀主生贵子","天地日月星辰","0.093","运石入家主富贵","身上汗出主凶恶"
"approx","梦见开棺","棺自出墓中大吉","墓中棺自出大吉","冢墓馆郭迎送","0.687","自在水中大吉利","入仓库中大吉昌"
"approx","梦见开棺","开棺与死人言凶，宜分情境","开棺与死人言凶","冢墓馆郭迎送","0.952","与恶人言有口舌","棺敛死人主得财"
"exact","梦见祭墓","祭祀神道大吉利","祭祀神道大吉利","佛道僧尼鬼神","1.000","家道贫穷大吉利","道施盖者大吉利"
"missing","梦见祭墓","祭墓诚心，主家室得安","强贼入宅主家破","水火盗贼灯烛","0.176","厕中干者主家破","堂上地陷主安忧"
"approx","梦见棺自出","棺自出墓中大吉","墓中棺自出大吉","冢墓馆郭迎送","0.717","自在水中大吉利","入仓库中大吉昌"
"missing","梦见棺自出","棺出门外，主旧愁离身","城中行凶出门吉","宫室屋宇仓库","0.176","床帐出门者妻亡","牛出门好事立至"
"exact","梦见迁葬","迁入他人新宅吉","迁入他人新宅吉","宫室屋宇仓库","1.000","飞娥入灯他人败","得他人麻布衣凶"
"missing","梦见迁葬","迁葬改墓，宜慎家事之变","雪落家庭主丧事","天地日月星辰","0.084","家中生松事转丰","家起高楼安稳事"
"missing","梦见送殡","见送殡者主灾散","丧车过者主灾散","船车游行物价","0.530","见笋者主添子孙","人送帚者主得位"
"missing","梦见送殡","送殡遇车，旧厄过去","车载不起厄事去","船车游行物价","0.158","牙木梳旧事尽去","丧车过者主灾散"
"exact","梦见上香","烧香礼拜皆大吉","烧香礼拜皆大吉","佛道僧尼鬼神","1.000","礼拜日月大吉昌","拜星月烧香大吉"
"missing","梦见上香","上香诚心，主家中无患","家中生松事转丰","地理山石树木","0.176","家中生柏大吉利","家中分财主离散"
"missing","梦见捡钱","路上拾金，主进财","与人分金主分散","刀剑旌节钟鼓","0.217","寻丝绢主进入口","桥路上住车皆凶"
"missing","梦见捡钱","拾钱而散，主破财","失落刀剑主破财","刀剑旌节钟鼓","0.373","车轮折倒主破败","米谷堆吉散主凶"
"exact","梦见金山","金银宝者主富贵","金银宝者主富贵","金银珠玉绢帛","1.000","拜朝廷者主富贵","身被霹雳主富贵"
"exact","梦见金山","玉积如山大富贵","玉积如山大富贵","金银珠玉绢帛","1.000","仰面向天大富贵","持执星宿大富贵"
"exact","梦见捡银","拾得钱物皆大吉","拾得钱物皆大吉","金银珠玉绢帛","1.000","洗染衣服皆大吉","烧香礼拜皆大吉"
"missing","梦见捡银","捡银入怀，主小有所得","星入怀主生贵子","天地日月星辰","0.306","渡天河主有所吉","日入怀贵子月女"
"exact","梦见拾珠","得金玉环生贵子","得金玉环生贵子","金银珠玉绢帛","1.000","金钗耀主生贵子","天明妇有生贵子"
"missing","梦见拾珠","拾珠入手，主家室添喜","子死者主添喜事","哀乐病死歌唱","0.223","强贼入宅主家破","厕中干者主家破"
"exact","梦见戴玉","得玉碗器物皆吉","得玉碗器物皆吉","金银珠玉绢帛","1.000","拾得钱物皆大吉","裁衣着孝衣皆吉"
"missing","梦见戴玉","戴玉护身，主家室平安","雪不沾身主孝服","天地日月星辰","0.176","羽益盖身主富贵","井中有鱼身主贵"
"exact","梦见还钱","还人钱物疾病去","还人钱物疾病去","金银珠玉绢帛","1.000","镶铅器物疾病去","罪人走脱疾病去"
"missing","梦见还钱","还钱光明，主旧债解清","天皇明主公卿至","天地日月星辰","0.176","还人钱物疾病去","受人纸钱主大吉"
"approx","梦见分财","家中分财主离敗","家中分财主离散","金银珠玉绢帛","0.903","家中乘船主没财","道中得财主通达"
"missing","梦见分财","分财不公，宜慎家事之争","剪刀主分财之事","刀剑旌节钟鼓","0.233","家中分财主离散","雪落家庭主丧事"
"exact","梦见铜器","得铜物主大富贵","得铜物主大富贵","金银珠玉绢帛","1.000","船飞行主大富贵","仰面向天大富贵"
"missing","梦见铜器","铜光照人，主家室有光","破镜照人主分散","身体面目齿发","0.306","电光照身有吉庆","抱妇人主有喜事"
"exact","梦见铁器","见铁器物主得财","见铁器物主得财","金银珠玉绢帛","1.000","剪刀剪物主得财","果林中行主得财"
"missing","梦见铁器","得铁器，主家室稳固","见铁器物主得财","金银珠玉绢帛","0.277","玉石器主有人助","强贼入宅主家破"
"exact","梦见绫锦","贵人赐绫锦官至","贵人赐绫锦官至","金银珠玉绢帛","1.000","贵人赐宴主疾病","贵人走马官事明"
"missing","梦见绫锦","绫锦在手，主名利双收","贵人赐绫锦官至","金银珠玉绢帛","0.206","登大树名利显扬","见四通路名利遂"
"exact","梦见绢帛","人赐绢帛大吉昌","人赐绢帛大吉昌","金银珠玉绢帛","1.000","被人签刺大吉昌","礼拜日月大吉昌"
"missing","梦见绢帛","绢帛入手，主家室添福","强贼入宅主家破","水火盗贼灯烛","0.223","人赐绢帛大吉昌","厕中干者主家破"
"exact","梦见拾绳","绳索主长命大吉","绳索主长命大吉","床帐毡祷匙筋","1.000","头白主长命大吉","种菜主长命大吉"
"missing","梦见拾绳","拾绳入手，主家室长寿","强贼入宅主家破","水火盗贼灯烛","0.223","厕中干者主家破","绳索主长命大吉"
"missing","梦见镜子","镜光照人，主名显","破镜照人主分散","身体面目齿发","0.433","电光照身有吉庆","持刀刺人主失利"
"missing","梦见镜子","镜破损，主夫妇分离","镜破主夫妇离别","镜环钗钏梳蓖","0.613","床帐破损妻欲亡","夫妇入市主置产"
"approx","梦见镜破","镜破主夫妻离别","镜破主夫妇离别","镜环钗钏梳蓖","0.777","夫妻分钗主离别","车轮破夫妻相别"
"approx","梦见镜破","破镜照人，主分散之忧","破镜照人主分散","身体面目齿发","0.974","与人分花主分散","与人分金主分散"
"exact","梦见照镜暗","照镜明吉暗者凶","照镜明吉暗者凶","身体面目齿发","1.000","镜明者吉暗者凶","冢墓上明吉暗凶"
"missing","梦见照镜暗","镜中暗影，宜慎自省","照镜明吉暗者凶","身体面目齿发","0.105","镜明者吉暗者凶","将镜自照远信至"
"approx","梦见釵动","金釵动有远行事","金钗动有远行事","镜环钗钏梳蓖","0.747","备马者生远行事","锤欲举动有人扶"
"missing","梦见釵动","金钿成双，主家室添爱","金钿成双增爱妾","镜环钗钏梳蓖","0.482","强贼入宅主家破","厕中干者主家破"
"approx","梦见拾簪","金釵耀主生贵子","金钗耀主生贵子","镜环钗钏梳蓖","0.747","星入怀主生贵子","门更新主生贵子"
"missing","梦见拾簪","拾簪入手，主家室添福","强贼入宅主家破","水火盗贼灯烛","0.223","厕中干者主家破","手中把谷主福禄"
"approx","梦见胭脂","得胭脂粉主生女","行胭脂粉主生女","镜环钗钏梳蓖","0.873","见脂粉主大财利","得粉扑妻生桥女"
"missing","梦见胭脂","胭脂入手，主家室添女","行胭脂粉主生女","镜环钗钏梳蓖","0.300","强贼入宅主家破","厕中干者主家破"
"approx","梦见梳篦","人与梳篦得美妾","人与梳蓖得美妾","镜环钗钏梳蓖","0.747","人与凿者得抬金","贵人与之衣冠吉"
"missing","梦见梳篦","得篦子者美女至，主家室添喜","得蓖子者美女至","镜环钗钏梳蓖","0.483","子死者主添喜事","得盒子者所求得"
"missing","梦见绣花针","针线得者百事就","得外线者百事就","镜环钗钏梳蓖","0.590","霞满天百事欢悦","身人土中百事吉"
"missing","梦见绣花针","得针入手，主细巧可成","星入怀主生贵子","天地日月星辰","0.093","霜雪降主事不成","运石入家主富贵"
"exact","梦见安新床","新安床帐远人来","新安床帐远人来","床帐毡祷匙筋","1.000","钟磐有声远人来","洒扫宅舍远人来"
"missing","梦见安新床","安新床，主家室更新","屋宅更新主大吉","宫室屋宇仓库","0.194","门更新主生贵子","强贼入宅主家破"
"exact","梦见床破","床帐破损妻欲亡","床帐破损妻欲亡","床帐毡祷匙筋","1.000","床帐出门者妻亡","床帐改主官迁移"
"missing","梦见床破","床破不修，宜慎家事之衰","床帐破损妻欲亡","床帐毡祷匙筋","0.114","雪落家庭主丧事","家中生松事转丰"
"exact","梦见帐裂","帐幔坏者妻子病","帐幔坏者妻子病","床帐毡祷匙筋","1.000","床帐出门者妻亡","毁帘幔者妻有奸"
"missing","梦见帐裂","帐裂不修，宜慎家事之损","床帐破损妻欲亡","床帐毡祷匙筋","0.114","雪落家庭主丧事","家中生松事转丰"
"exact","梦见铺新席","铺席合坐得官位","铺席合坐得官位","床帐毡祷匙筋","1.000","破席者主失官位","患厕中得官禄位"
"missing","梦见铺新席","新席安坐，主家中喜事","家中欢喜百事吉","哀乐病死歌唱","0.270","家中生松事转丰","居田宅主妻喜事"
"exact","梦见碗碟破","锅铁破主丧事来","锅铁破主丧事来","床帐毡祷匙筋","1.000","雪落家庭主丧事","堂上歌乐主丧事"
"missing","梦见碗碟破","碗碟破裂，宜慎家事之失","雪落家庭主丧事","天地日月星辰","0.084","家中生松事转丰","家起高楼安稳事"
"exact","梦见盆中水","桶盛水者主大吉","桶盛水者主大吉","床帐毡祷匙筋","1.000","桶无水者主大凶","水上行者主大吉"
"missing","梦见盆中水","盆水满盈，主家中富足","家中生松事转丰","地理山石树木","0.176","家中生柏大吉利","家中分财主离散"
"exact","梦见秤","人与秤者主权位","人与秤者主权位","床帐毡祷匙筋","1.000","人送帚者主得位","铅与锡者主得财"
"missing","梦见秤","得秤入手，主公平正直","天皇明主公卿至","天地日月星辰","0.176","星入怀主生贵子","运石入家主富贵"
"exact","梦见绳锯","锯主有断决之事","锯主有断决之事","床帐毡祷匙筋","1.000","剪刀主分财之事","裆盏被主有恶事"
"missing","梦见绳锯","持锯执之，宜慎决断之机","锯主有断决之事","床帐毡祷匙筋","0.126","持执星宿大富贵","贵人与之衣冠吉"
"missing","梦见船","乘船出海，主财至","家中乘船主没财","船车游行物价","0.337","井中伏泥出主财","乘船过日月主宫"
"missing","梦见船","船翻者，主阻滞","见笋者主添子孙","地理山石树木","0.225","面对官者主大吉","腰带者主官至吉"
"exact","梦见乘船渡河","乘船渡江河得官","乘船渡江河得官","船车游行物价","1.000","乘船看日月得职","铺席合坐得官位"
"missing","梦见乘船渡河","过河平稳，主前程顺达","渡天河主有所吉","天地日月星辰","0.093","地高下不平主病","乘船过日月主宫"
"approx","梦见船破","船车破碎主不祥","船车破碎主不详","船车游行物价","0.843","笏破忧凶主不祥","床上有蚁主不祥"
"missing","梦见船破","船破不修，宜慎财事之失","船车破碎主不详","船车游行物价","0.126","笏破忧凶主不祥","失落刀剑主破财"
"exact","梦见船入门","家中乘船主没财","家中乘船主没财","船车游行物价","1.000","家中分财主离散","乘船过日月主宫"
"missing","梦见船入门","船入门户，宜慎家事之损","门户破碎有凶事","门户井灶橱厕","0.203","门户闭塞事不能","车入门主有凶事"
"missing","梦见乘车","驾车遊行禄位至","骂车游行禄位至","船车游行物价","0.590","驾鹞者主禄位至","眉与发齐禄位至"
"missing","梦见乘车","车行平稳，主百事顺意","车行主百事顺利","船车游行物价","0.611","霞满天百事欢悦","身人土中百事吉"
"exact","梦见车破","车轮折倒主破败","车轮折倒主破败","船车游行物价","1.000","车轮破夫妻相别","失落刀剑主破财"
"missing","梦见车破","车破不修，宜慎远行之险","船车破碎主不详","船车游行物价","0.233","金钗动有远行事","备马者生远行事"
"exact","梦见马驾车","四马驾车吉反凶","四马驾车吉反凶","船车游行物价","1.000","以羊驾车事不常","鹤驾车主征伐事"
"missing","梦见马驾车","马驾车行，宜慎其速以避失","四马驾车吉反凶","船车游行物价","0.290","车行主百事顺利","以羊驾车事不常"
"exact","梦见羊驾车","以羊驾车事不常","以羊驾车事不常","船车游行物价","1.000","鹤驾车主征伐事","见浮云作事不成"
"missing","梦见羊驾车","羊车行慢，宜稳重以待","车行主百事顺利","船车游行物价","0.176","以羊驾车事不常","骂车游行禄位至"
"approx","梦见拔刀","拔刀出行主大吉","拔刀出行大吉利","刀剑旌节钟鼓","0.777","行车白马主大吉","刀斧自伤主大吉"
"missing","梦见拔刀","持刀威武，主名扬一方","持刀刺人主失利","刀剑旌节钟鼓","0.253","持刀自杀者大吉","持刀相杀见血吉"
"exact","梦见持剑","带刀剑行有财利","带刀剑行有财利","刀剑旌节钟鼓","1.000","失落刀剑主破财","磨刀剑锋快大古"
"missing","梦见持剑","持剑在手，主威仪有加","剑在床头大吉利","刀剑旌节钟鼓","0.176","见手帕主有口舌","渡天河主有所吉"
"approx","梦见折刀","折刀刺人主失利","持刀刺人主失利","刀剑旌节钟鼓","0.843","同妇人行主失财","被刀刺尖出快利"
"missing","梦见折刀","折刀在手，宜慎决断之失","持刀刺人主失利","刀剑旌节钟鼓","0.084","剪刀主分财之事","人在外呼之主凶"
"approx","梦见磨剑","磨刀剑锋快大吉","磨刀剑锋快大古","刀剑旌节钟鼓","0.873","拔刀出行大吉利","刀斧自伤大吉利"
"missing","梦见磨剑","磨剑而藏，主静中蓄势","磨刀剑锋快大古","刀剑旌节钟鼓","0.123","失落刀剑主破财","与人刀剑皆主凶"
"missing","梦见铠甲","甲胄庇身主吉利","甲胄披身护吉利","刀剑旌节钟鼓","0.523","造旌盖主大吉利","自盖覆身大吉利"
"missing","梦见铠甲","披甲仗剑，主得高官","披甲杖剑得高官","文书笔墨兵器","0.613","癸天上屋得高官","猛虎大吼主得官"
"approx","梦见弓矢","持弓矢者主大吉","持弓夭者主大吉","文书笔墨兵器","0.777","面对官者主大吉","桶盛水者主大吉"
"missing","梦见弓矢","挽弓有度，主威名远播","挽弓弦断主凶恶","文书笔墨兵器","0.223","持弓夭者主大吉","天裂有分主国忧"
"approx","梦见擂鼓","打鼓有声远人来","打鼓有声远有来","刀剑旌节钟鼓","0.777","钟磐有声远人来","吹笛打鼓有吉庆"
"approx","梦见擂鼓","钟鼓大鸣，主福禄至","钟鼓大鸣福禄至","刀剑旌节钟鼓","0.814","超盖仓库福禄至","兵马入城福禄至"
"exact","梦见鸣钟","钟磐有声远人来","钟磐有声远人来","刀剑旌节钟鼓","1.000","打鼓有声远有来","洒扫宅舍远人来"
"missing","梦见鸣钟","钟声清亮，主家室和谐","强贼入宅主家破","水火盗贼灯烛","0.176","厕中干者主家破","钟磐有声远人来"
"missing","梦见旌旗","旌旂有龙大吉利","旌旗受宠大吉利","刀剑旌节钟鼓","0.463","造旌盖主大吉利","杀猪者大吉利"
"exact","梦见旌旗","抱旌节主贵人扶","抱旌节主贵人扶","刀剑旌节钟鼓","1.000","见好枕有贵人扶","身在火中贵人扶"
"approx","梦见伞盖","羽盖盖身主富贵","羽益盖身主富贵","刀剑旌节钟鼓","0.747","身被霹雳主富贵","运石入家主富贵"
"exact","梦见伞盖","造旌盖主大吉利","造旌盖主大吉利","刀剑旌节钟鼓","1.000","好被自盖主大吉","孔雀者主大吉利"
"approx","梦见鼓不鸣","见鼓不嗚凶必至","见鼓不鸣凶必至","刀剑旌节钟鼓","0.777","见鼓住声欢乐吉","来见贵人不得凶"
"missing","梦见鼓不鸣","鼓不鸣，宜慎家事之兆头","见鼓不鸣凶必至","刀剑旌节钟鼓","0.311","雪落家庭主丧事","家中生松事转丰"
"missing","梦见书","得书者，主学问有进","见读书者主聪明","文书笔墨兵器","0.336","赠彩帛者主有权","席箪者主有力助"
"missing","梦见书","阅古书，主有所悟","渡天河主有所吉","天地日月星辰","0.373","桑生井上主有忧","着白衣主有人请"
"exact","梦见捧经书","各色经书大富贵","各色经书大富贵","文书笔墨兵器","1.000","有人教书大富贵","仰面向天大富贵"
"missing","梦见捧经书","捧经在手，主智慧渐开","各色经书大富贵","文书笔墨兵器","0.107","人在外呼之主凶","屋在井中主见病"
"exact","梦见五色纸","五色纸者大益财","五色纸者大益财","文书笔墨兵器","1.000","吞五色纸诗书进","五色云主大吉昌"
"missing","梦见五色纸","五色纸入手，主财源广进","五色纸者大益财","文书笔墨兵器","0.353","吞五色纸诗书进","五色云主大吉昌"
"approx","梦见笔断","人将己笔文章退","人将已笔文章退","文书笔墨兵器","0.747","人与墨者文章进","河水砂石益文章"
"missing","梦见笔断","笔折不书，宜慎文事之失","车载不起厄事去","船车游行物价","0.084","读书文写字大吉","人将已笔文章退"
"exact","梦见教书","有人教书大富贵","有人教书大富贵","文书笔墨兵器","1.000","各色经书大富贵","仰面向天大富贵"
"missing","梦见教书","教书育人，主德泽广被","有人教书大富贵","文书笔墨兵器","0.206","破镜照人主分散","持刀刺人主失利"
"exact","梦见执笏","执笏见贵人大吉","执笏见贵人大吉","冠带衣服鞋袜","1.000","与贵人对饮大吉","屎尿污人大吉亨"
"missing","梦见执笏","持笏入朝，主官位有加","枪槊主官位吉利","刀剑旌节钟鼓","0.306","日光入屋官位至","地动主迁官位吉"
"exact","梦见佩印","佩印公爵主大吉","佩印公爵主大吉","文书笔墨兵器","1.000","五色云主大吉昌","卧于石上主大吉"
"missing","梦见佩印","佩印有信，主家室名扬","佩印信者名准出","文书笔墨兵器","0.300","佩印公爵主大吉","佩印执笏主移居"
"approx","梦见曆日","得曆日者中黄甲","得历日者中黄甲","文书笔墨兵器","0.747","自炊日中妻妾之","拾得镜者招好妻"
"missing","梦见曆日","曆日入手，主前程顺达","日入怀贵子月女","天地日月星辰","0.176","日月衔山奴欺主","日光入屋官位至"
"exact","梦见书信通达","封书信者主通达","封书信者主通达","文书笔墨兵器","1.000","道中得财主通达","见读书者主聪明"
"missing","梦见书信通达","信达千里，主远人讯到","风如吼主远信至","天地日月星辰","0.176","钟磐有声远人来","洒扫宅舍远人来"
"missing","梦见信件","得家书者，主远人有讯","见读书者主聪明","文书笔墨兵器","0.306","封书信者主通达","赠彩帛者主有权"
"missing","梦见信件","书信破损，近有讯息之扰","封书信者主通达","文书笔墨兵器","0.191","床帐破损妻欲亡","文书用印有名声"
"approx","梦见杀人","杀死他人大富贵","杀死他人人富贵","杀害斗伤打骂","0.807","有人教书大富贵","仰面向天大富贵"
"missing","梦见杀人","持刀斫人主失财，宜分情境","持刀刺人主失利","刀剑旌节钟鼓","0.408","同妇人行主失财","大道崩馅主失财"
"approx","梦见被杀","被人杀害者大吉","被人打害者大吉","杀害斗伤打骂","0.747","被人作贱者大吉","杀猪者大吉利"
"missing","梦见被杀","被杀有血，主财禄至","牛角有血主三公","牛马猪羊六畜","0.336","被杀害吉伏藏凶","被马咬有禄位至"
"exact","梦见自杀","持刀自杀者大吉","持刀自杀者大吉","杀害斗伤打骂","1.000","杀猪者大吉利","种树木者大吉昌"
"missing","梦见自杀","自伤无大碍，主旧愁离身","刀斧自伤大吉利","刀剑旌节钟鼓","0.203","刀斧自伤主大吉","持刀自杀者大吉"
"exact","梦见见血","刀伤出血主酒食","刀伤出血主酒食","杀害斗伤打骂","1.000","被刀出血得酒食","瓷碗者主酒食至"
"exact","梦见见血","炙身见血流大吉","炙身见血流大吉","杀害斗伤打骂","1.000","砍刺见血主大吉","手足浓血出大吉"
"approx","梦见受刑","被人决罚禄位至","被人疾罚禄位至","扑禁刑罚狱具","0.747","得人刀斧禄位至","被马咬有禄位至"
"approx","梦见受刑","拷讯杖责，主大吉","拷讯杖责主大贵","扑禁刑罚狱具","0.843","五色云主大吉昌","卧于石上主大吉"
"exact","梦见入狱","入牢狱主有大贵","入牢狱主有大贵","扑禁刑罚狱具","1.000","鸡抱卵主有大喜","牢狱崩坏有赦吉"
"approx","梦见入狱","坐狱中必有恩赦，宜安守以待","坐狱中必有恩赦","扑禁刑罚狱具","0.913","手持旌节有恩偿","狱中死者官事散"
"exact","梦见出狱","牢狱崩坏有赦吉","牢狱崩坏有赦吉","扑禁刑罚狱具","1.000","入牢狱主有大贵","牢狱臭污百事吉"
"approx","梦见出狱","罪人走脱疾病去，主旧厄离身","罪人走脱疾病去","扑禁刑罚狱具","0.913","还人钱物疾病去","罪人走马厄事会"
"exact","梦见枷锁","枷锁折损口舌散","枷锁折损口舌散","扑禁刑罚狱具","1.000","食馒头主口舌散","枷锁恐怖主分散"
"missing","梦见枷锁","枷锁加身，宜慎家事之执","枷锁临身疾病至","扑禁刑罚狱具","0.233","枷锁折损口舌散","枷锁入宅主大凶"
"exact","梦见杖责","自以杖决耻辱生","自以杖决耻辱生","扑禁刑罚狱具","1.000","自身取土被耻辱","拷讯杖责主大贵"
"approx","梦见杖责","被官打身，主孝服之忧","被官打身主孝服","扑禁刑罚狱具","0.944","雪不沾身主孝服","身着孝服官禄至"
"exact","梦见绳缚","绳索系身长命吉","绳索系身长命吉","身体面目齿发","1.000","绳索系身大吉利","绳索主长命大吉"
"missing","梦见绳缚","被人绑住疾病至，宜分情境","被人绑主疾病至","扑禁刑罚狱具","0.519","食猪肉主疾病至","枷锁临身疾病至"
"exact","梦见盗贼入宅","强贼入宅主家破","强贼入宅主家破","水火盗贼灯烛","1.000","军人入宅主大吉","枷锁入宅主大凶"
"approx","梦见盗贼入宅","与贼同行大吉利，宜分情境","与贼同行大吉利","水火盗贼灯烛","0.922","拔刀出行大吉利","与人吃蜜大吉利"
"approx","梦见踩屎","大便满地主富贵","大使满地主富贵","污垢沐浴凌辱","0.747","门户高大主富贵","身被霹雳主富贵"
"missing","梦见踩屎","踩屎得污，反主横财","灶下水流得横财","门户井灶橱厕","0.247","掏厕者主得横财","屎尿污身主得财"
"approx","梦见尿污衣","尿屎污身主得财","屎尿污身主得财","污垢沐浴凌辱","0.747","果林中行主得财","剪刀剪物主得财"
"missing","梦见尿污衣","屎尿污人，反主大吉","屎尿污人大吉亨","身体面目齿发","0.672","军人入宅主大吉","妇人赤身主大吉"
"exact","梦见入泥","在泥中所求不成","在泥中所求不成","污垢沐浴凌辱","1.000","车不行所求不遂","天地合所求皆得"
"missing","梦见入泥","入泥行迟，宜暂歇蓄力","入帝王官行大吉","宫室屋宇仓库","0.093","怀中琵琶行人力","在泥中所求不成"
"exact","梦见洗衣","洗染衣服皆大吉","洗染衣服皆大吉","冠带衣服鞋袜","1.000","拾得钱物皆大吉","烧香礼拜皆大吉"
"missing","梦见洗衣","洗衣净身，主家室更新","雪不沾身主孝服","天地日月星辰","0.176","羽益盖身主富贵","屋宅更新主大吉"
"exact","梦见湿衣","泥污衫衣主身辱","泥污衫衣主身辱","污垢沐浴凌辱","1.000","泥污衣裳主产凶","风吹人衣主疾病"
"missing","梦见湿衣","湿衣不晒，宜慎家事之劳","雪落家庭主丧事","天地日月星辰","0.084","家中生松事转丰","新衣攒来百事凶"
"missing","梦见走路","大道坦荡，百事顺遂","车行主百事顺利","船车游行物价","0.336","枫生屋上百事遂","霞满天百事欢悦"
"missing","梦见走路","泥路难行，主阻滞","星列行主添奴婢","天地日月星辰","0.217","果林中行主得财","船飞行主大富贵"
"missing","梦见衣服","得新衣者，主喜事","子死者主添喜事","哀乐病死歌唱","0.433","新衣攒来百事凶","居田宅主妻喜事"
"missing","梦见衣服","衣履破损，主近有口舌","铜裆主有口舌至","金银珠玉绢帛","0.352","见手帕主有口舌","桥断者主有口舌"
"missing","梦见鞋","得新鞋，主有所行","渡天河主有所吉","天地日月星辰","0.373","得靴鞋主奴婢吉","桑生井上主有忧"
"missing","梦见鞋","鞋破裂，主近有远行之扰","金钗动有远行事","镜环钗钏梳蓖","0.281","空野无人主远行","已射人必主远行"
"missing","梦见宝物","得宝者，主有大财","鼎鼐者主得大财","床帐毡祷匙筋","0.433","釜溢者主得大财","见鳖者主有得财"
"missing","梦见宝物","宝物失散，主近有损耗","米谷堆吉散主凶","田园五谷耕种","0.176","乌蛇践物失禄位","金银宝者主富贵"
"missing","梦见花朵","百花齐放，主家庭和睦","雪落家庭主丧事","天地日月星辰","0.176","强贼入宅主家破","厕中干者主家破"
"missing","梦见花朵","花开见果，主事业有成","霜雪降主事不成","天地日月星辰","0.223","见浮云作事不成","见军兵败主有凶"
"missing","梦见树木","大树参天，主家运兴旺","火烧自是主兴旺","水火盗贼灯烛","0.223","大火烧天主国安","登大树名利显扬"
"missing","梦见树木","枯树发新枝，主困境转机","树木凋零主人凶","地理山石树木","0.114","枯木再发子孙兴","着新袍主添妻妾"
"missing","梦见果实","得果而食，主心愿可遂","见馒头未食主气","饮食酒肉瓜果","0.176","食饼食饭心不遂","雷从地震主志遂"
"missing","梦见果实","果实丰收，主家业有成","强贼入宅主家破","水火盗贼灯烛","0.176","厕中干者主家破","渡天河主有所吉"
"missing","梦见礼物","受人赠物，主近得贵人扶助","抱旌节主贵人扶","刀剑旌节钟鼓","0.298","见好枕有贵人扶","身在火中贵人扶"
"missing","梦见礼物","赠物与人，主阴德之积","与人分花主分散","地理山石树木","0.223","与人公服主得职","与人笏授主官迁"
"missing","梦见笑声","众人欢笑，主家和事顺","众人着白主官事","冠带衣服鞋袜","0.270","众人着青家人散","车行主百事顺利"
"missing","梦见笑声","独自而笑，反主心事暗生","牛触人心事不成","牛马猪羊六畜","0.161","星入怀主生贵子","霜雪降主事不成"
"missing","梦见哭泣","梦中大哭，主心事得以纾解","入果园中大发财","地理山石树木","0.149","入仓库中大吉昌","放声大哭欢乐生"
"missing","梦见哭泣","为死者哭，近有念旧之情","人云死者得长命","帝王文武呼召","0.161","小儿死者主口舌","子死者主添喜事"